date;close
2006-01-23;74.05
2006-01-24;73.2
2006-01-25;73.1
2006-01-26;74.45
2006-01-27;75.25
2006-01-30;74.1
2006-01-31;74.25
2006-02-01;75.5
2006-02-02;75.2
2006-02-03;75.35
2006-02-06;75.25
2006-02-07;74.5
2006-02-08;74.4
2006-02-09;75.5
2006-02-10;75.3
2006-02-13;75.4
2006-02-14;75.05
2006-02-15;75.15
2006-02-16;75.15
2006-02-17;74.9
2006-02-20;74.1
2006-02-21;75.05
2006-02-22;76.7
2006-02-23;77.2
2006-02-24;76.85
2006-02-27;77.2
2006-02-28;76.25
2006-03-01;76.55
2006-03-02;79.35
2006-03-03;80.6
2006-03-06;80.2
2006-03-07;79.55
2006-03-08;78.35
2006-03-09;79.25
2006-03-10;80.4
2006-03-13;81.15
2006-03-14;81.0
2006-03-15;80.8
2006-03-16;81.15
2006-03-17;81.3
2006-03-20;81.45
2006-03-21;81.05
2006-03-22;81.05
2006-03-23;80.9
2006-03-24;81.1
2006-03-27;80.6
2006-03-28;80.55
2006-03-29;80.85
2006-03-30;81.3
2006-03-31;80.9
2006-04-03;81.55
2006-04-04;81.25
2006-04-05;81.5
2006-04-06;80.7
2006-04-07;79.9
2006-04-10;80.05
2006-04-11;78.8
2006-04-12;79.05
2006-04-13;78.95
2006-04-18;79.5
2006-04-19;81.85
2006-04-20;83.6
2006-04-21;84.4
2006-04-24;84.4
2006-04-25;84.9
2006-04-26;85.3
2006-04-27;84.75
2006-04-28;83.45
2006-05-02;84.35
2006-05-03;83.55
2006-05-04;83.85
2006-05-05;84.9
2006-05-08;85.55
2006-05-09;84.85
2006-05-10;83.7
2006-05-11;84.05
2006-05-12;82.05
2006-05-15;79.85
2006-05-16;78.95
2006-05-17;75.65
2006-05-18;77.15
2006-05-19;78.4
2006-05-22;74.8
2006-05-23;77.45
2006-05-24;74.6
2006-05-25;76.4
2006-05-26;78.6
2006-05-29;78.2
2006-05-30;76.25
2006-05-31;76.7
2006-06-01;76.5
2006-06-02;77.5
2006-06-05;76.2
2006-06-06;73.9
2006-06-07;74.2
2006-06-08;71.35
2006-06-09;73.4
2006-06-12;71.75
2006-06-13;69.6
2006-06-14;70.5
2006-06-15;2006.25
2006-06-16;72.5
2006-06-19;73.35
2006-06-20;74.15
2006-06-21;74.35
2006-06-22;73.85
2006-06-23;74.1
2006-06-26;74.2
2006-06-27;74.1
2006-06-28;74.05
2006-06-29;75.3
2006-06-30;77.6
2006-07-03;77.85
2006-07-04;77.55
2006-07-05;76.1
2006-07-06;76.8
2006-07-07;76.3
2006-07-10;77.4
2006-07-11;75.9
2006-07-12;76.25
2006-07-13;74.75
2006-07-14;72.1
2006-07-17;71.35
2006-07-18;71.6
2006-07-19;74.05
2006-07-20;74.15
2006-07-21;73.45
2006-07-24;75.35
2006-07-25;76.7
2006-07-26;77.55
2006-07-27;78.75
2006-07-28;78.95
2006-07-31;78.65
2006-08-01;77.55
2006-08-02;78.85
2006-08-03;78.25
2006-08-04;79.05
2006-08-07;76.95
2006-08-08;77.0
2006-08-09;77.0
2006-08-10;75.2
2006-08-11;74.75
2006-08-14;74.75
2006-08-15;75.9
2006-08-16;76.6
2006-08-17;77.8
2006-08-18;78.3
2006-08-21;77.55
2006-08-22;78.25
2006-08-23;77.45
2006-08-24;77.35
2006-08-25;77.95
2006-08-28;78.35
2006-08-29;79.2
2006-08-30;80.7
2006-08-31;80.35
2006-09-01;80.15
2006-09-04;81.3
2006-09-05;80.9
2006-09-06;80.4
2006-09-07;77.75
2006-09-08;77.9
2006-09-11;77.8
2006-09-12;78.55
2006-09-13;78.95
2006-09-14;78.7
2006-09-15;78.65
2006-09-18;78.95
2006-09-19;78.4
2006-09-20;79.45
2006-09-21;80.25
2006-09-22;79.55
2006-09-25;78.8
2006-09-26;80.15
2006-09-27;81.0
2006-09-28;80.8
2006-09-29;81.25
2006-10-02;80.65
2006-10-03;80.75
2006-10-04;80.3
2006-10-05;81.75
2006-10-06;81.8
2006-10-09;80.85
2006-10-10;81.25
2006-10-11;82.0
2006-10-12;82.3
2006-10-13;82.9
2006-10-16;82.65
2006-10-17;80.65
2006-10-18;81.55
2006-10-19;81.85
2006-10-20;81.65
2006-10-23;82.25
2006-10-24;81.95
2006-10-25;83.0
2006-10-26;82.85
2006-10-27;82.25
2006-10-30;81.5
2006-10-31;81.65
2006-11-01;81.5
2006-11-02;79.7
2006-11-03;80.15
2006-11-06;81.0
2006-11-07;82.9
2006-11-08;82.0
2006-11-09;81.85
2006-11-10;81.3
2006-11-13;82.95
2006-11-14;83.1
2006-11-15;83.65
2006-11-16;83.75
2006-11-17;83.9
2006-11-20;84.05
2006-11-21;84.35
2006-11-22;83.85
2006-11-23;83.1
2006-11-24;81.9
2006-11-27;79.55
2006-11-28;79.5
2006-11-29;80.25
2006-11-30;78.3
2006-12-01;76.15
2006-12-04;76.7
2006-12-05;77.55
2006-12-06;77.2
2006-12-07;77.3
2006-12-08;77.25
2006-12-11;78.4
2006-12-12;78.25
2006-12-13;79.2
2006-12-14;79.55
2006-12-15;80.2
2006-12-18;79.8
2006-12-19;79.2
2006-12-20;80.1
2006-12-21;79.25
2006-12-22;78.15
2006-12-27;80.35
2006-12-28;80.0
2006-12-29;79.95
2007-01-02;80.65
2007-01-03;79.4
2007-01-04;79.45
2007-01-05;78.6
2007-01-08;78.45
2007-01-09;77.8
2007-01-10;78.55
2007-01-11;79.6
2007-01-12;78.8
2007-01-15;78.95
2007-01-16;77.65
2007-01-17;78.55
2007-01-18;78.85
2007-01-19;79.1
2007-01-22;78.55
2007-01-23;77.9
2007-01-24;78.1
2007-01-25;78.55
2007-01-26;77.9
2007-01-29;79.1
2007-01-30;81.5
2007-01-31;80.9
2007-02-01;81.15
2007-02-02;81.15
2007-02-05;80.65
2007-02-06;80.75
2007-02-07;81.3
2007-02-08;81.7
2007-02-09;82.8
2007-02-12;81.8
2007-02-13;82.0
2007-02-14;82.85
2007-02-15;87.7
2007-02-16;87.25
2007-02-19;87.85
2007-02-20;86.96
2007-02-21;86.95
2007-02-22;87.75
2007-02-23;88.2
2007-02-26;88.0
2007-02-27;84.62
2007-02-28;83.73
2007-03-01;83.25
2007-03-02;82.81
2007-03-05;82.36
2007-03-06;82.72
2007-03-07;83.0
2007-03-08;83.41
2007-03-09;83.96
2007-03-12;83.26
2007-03-13;82.25
2007-03-14;80.12
2007-03-15;80.78
2007-03-16;80.81
2007-03-19;82.03
2007-03-20;82.43
2007-03-21;82.6
2007-03-22;83.76
2007-03-23;83.28
2007-03-26;82.53
2007-03-27;83.06
2007-03-28;82.13
2007-03-29;83.06
2007-03-30;83.05
2007-04-02;83.12
2007-04-03;84.28
2007-04-04;84.32
2007-04-05;85.0
2007-04-10;85.14
2007-04-11;85.05
2007-04-12;85.2
2007-04-13;85.76
2007-04-16;86.36
2007-04-17;86.01
2007-04-18;85.0
2007-04-19;84.8
2007-04-20;85.77
2007-04-23;85.69
2007-04-24;85.13
2007-04-25;86.71
2007-04-26;86.67
2007-04-27;85.72
2007-04-30;85.97
2007-05-02;86.96
2007-05-03;86.68
2007-05-04;87.75
2007-05-07;87.92
2007-05-08;86.75
2007-05-09;86.67
2007-05-10;85.62
2007-05-11;86.06
2007-05-14;85.69
2007-05-15;85.19
2007-05-16;85.83
2007-05-17;85.43
2007-05-18;86.35
2007-05-21;86.53
2007-05-22;86.45
2007-05-23;87.02
2007-05-24;86.4
2007-05-25;86.61
2007-05-28;87.14
2007-05-29;87.5
2007-05-30;86.3
2007-05-31;87.72
2007-06-01;86.85
2007-06-04;86.49
2007-06-05;85.09
2007-06-06;85.0
2007-06-07;84.08
2007-06-08;84.05
2007-06-11;84.63
2007-06-12;84.39
2007-06-13;84.25
2007-06-14;86.3
2007-06-15;86.98
2007-06-18;86.04
2007-06-19;85.01
2007-06-20;85.38
2007-06-21;85.48
2007-06-22;84.84
2007-06-25;84.79
2007-06-26;83.74
2007-06-27;83.53
2007-06-28;84.58
2007-06-29;85.54
2007-07-02;84.59
2007-07-03;84.89
2007-07-04;85.02
2007-07-05;84.74
2007-07-06;84.87
2007-07-09;85.0
2007-07-10;83.8
2007-07-11;83.25
2007-07-12;84.0
2007-07-13;84.37
2007-07-16;84.41
2007-07-17;83.99
2007-07-18;82.7
2007-07-19;83.43
2007-07-20;82.12
2007-07-23;82.9
2007-07-24;82.54
2007-07-25;82.08
2007-07-26;80.25
2007-07-27;81.01
2007-07-30;80.71
2007-07-31;82.76
2007-08-01;81.32
2007-08-02;81.11
2007-08-03;80.21
2007-08-06;79.35
2007-08-07;81.23
2007-08-08;83.5
2007-08-09;82.83
2007-08-10;81.2
2007-08-13;82.2
2007-08-14;80.8
2007-08-15;79.99
2007-08-16;77.49
2007-08-17;78.9
2007-08-20;79.53
2007-08-21;79.85
2007-08-22;80.62
2007-08-23;80.41
2007-08-24;80.71
2007-08-27;81.23
2007-08-28;79.6
2007-08-29;78.99
2007-08-30;80.77
2007-08-31;81.99
2007-09-03;81.33
2007-09-04;81.63
2007-09-05;79.75
2007-09-06;80.87
2007-09-07;78.99
2007-09-10;78.33
2007-09-11;79.18
2007-09-12;79.89
2007-09-13;80.2
2007-09-14;80.19
2007-09-17;78.92
2007-09-18;80.5
2007-09-19;82.29
2007-09-20;81.66
2007-09-21;82.82
2007-09-24;82.69
2007-09-25;82.55
2007-09-26;83.0
2007-09-27;83.37
2007-09-28;84.07
2007-10-01;85.12
2007-10-02;85.55
2007-10-03;85.49
2007-10-04;85.92
2007-10-05;85.99
2007-10-08;86.1
2007-10-09;86.21
2007-10-10;85.65
2007-10-11;85.97
2007-10-12;85.5
2007-10-15;87.68
2007-10-16;86.48
2007-10-17;88.15
2007-10-18;87.07
2007-10-19;87.82
2007-10-22;86.63
2007-10-23;86.07
2007-10-24;86.03
2007-10-25;87.81
2007-10-26;88.23
2007-10-29;88.93
2007-10-30;88.12
2007-10-31;88.88
2007-11-01;87.72
2007-11-02;86.13
2007-11-05;85.9
2007-11-06;86.07
2007-11-07;84.4
2007-11-08;83.46
2007-11-09;81.77
2007-11-12;80.82
2007-11-13;81.5
2007-11-14;82.82
2007-11-15;81.95
2007-11-16;80.77
2007-11-19;79.33
2007-11-20;79.69
2007-11-21;78.0
2007-11-22;78.97
2007-11-23;80.28
2007-11-26;80.45
2007-11-27;79.74
2007-11-28;82.4
2007-11-29;82.61
2007-11-30;82.94
2007-12-03;82.38
2007-12-04;81.71
2007-12-05;82.6
2007-12-06;83.39
2007-12-07;84.34
2007-12-10;84.55
2007-12-11;84.37
2007-12-12;84.7
2007-12-13;82.4
2007-12-14;82.89
2007-12-17;81.8
2007-12-18;80.96
2007-12-19;81.1
2007-12-20;81.15
2007-12-21;82.0
2007-12-24;82.38
2007-12-27;82.59
2007-12-28;82.87
2007-12-31;82.68
2008-01-02;82.1
2008-01-03;81.54
2008-01-04;79.11
2008-01-07;79.09
2008-01-08;79.14
2008-01-09;76.16
2008-01-10;75.17
2008-01-11;73.17
2008-01-14;73.57
2008-01-15;70.8
2008-01-16;70.99
2008-01-17;69.93
2008-01-18;70.11
2008-01-21;65.41
2008-01-22;67.49
2008-01-23;64.52
2008-01-24;70.31
2008-01-25;69.78
2008-01-28;68.77
2008-01-29;70.11
2008-01-30;69.42
2008-01-31;68.53
2008-02-01;71.17
2008-02-04;71.25
2008-02-05;68.98
2008-02-06;69.71
2008-02-07;68.95
2008-02-08;68.91
2008-02-11;68.0
2008-02-12;70.55
2008-02-13;70.33
2008-02-14;70.5
2008-02-15;69.0
2008-02-18;70.12
2008-02-19;70.47
2008-02-20;69.51
2008-02-21;70.76
2008-02-22;70.35
2008-02-25;71.86
2008-02-26;72.89
2008-02-27;71.77
2008-02-28;69.87
2008-02-29;68.23
2008-03-03;67.87
2008-03-04;67.38
2008-03-05;67.96
2008-03-06;67.04
2008-03-07;66.12
2008-03-10;66.09
2008-03-11;66.11
2008-03-12;68.25
2008-03-13;66.4
2008-03-14;66.21
2008-03-17;64.15
2008-03-18;65.04
2008-03-19;64.67
2008-03-20;65.12
2008-03-25;69.34
2008-03-26;69.7
2008-03-27;69.88
2008-03-28;69.49
2008-03-31;70.5
2008-04-01;73.23
2008-04-02;73.59
2008-04-03;71.71
2008-04-04;71.45
2008-04-07;71.15
2008-04-08;70.75
2008-04-09;69.65
2008-04-10;68.16
2008-04-11;66.63
2008-04-14;65.86
2008-04-15;66.65
2008-04-16;69.33
2008-04-17;68.81
2008-04-18;70.61
2008-04-21;70.27
2008-04-22;69.53
2008-04-23;70.53
2008-04-24;70.79
2008-04-25;72.44
2008-04-28;72.08
2008-04-29;71.95
2008-04-30;73.42
2008-05-02;74.83
2008-05-05;74.81
2008-05-06;74.9
2008-05-07;74.95
2008-05-08;74.3
2008-05-09;73.5
2008-05-12;73.85
2008-05-13;73.99
2008-05-14;75.01
2008-05-15;76.85
2008-05-16;76.42
2008-05-19;76.96
2008-05-20;74.3
2008-05-21;73.53
2008-05-22;73.6
2008-05-23;72.2
2008-05-26;72.5
2008-05-27;72.51
2008-05-28;74.04
2008-05-29;74.48
2008-05-30;75.21
2008-06-02;74.37
2008-06-03;74.75
2008-06-04;74.53
2008-06-05;74.66
2008-06-06;72.79
2008-06-09;72.12
2008-06-10;71.59
2008-06-11;70.47
2008-06-12;71.58
2008-06-13;72.3
2008-06-16;71.66
2008-06-17;72.37
2008-06-18;71.57
2008-06-19;70.36
2008-06-20;68.4
2008-06-23;68.12
2008-06-24;66.79
2008-06-25;67.95
2008-06-26;66.13
2008-06-27;66.05
2008-06-30;66.58
2008-07-01;66.14
2008-07-02;65.77
2008-07-03;66.82
2008-07-04;63.3
2008-07-07;64.23
2008-07-08;63.87
2008-07-09;64.45
2008-07-10;62.27
2008-07-11;60.8
2008-07-14;61.9
2008-07-15;60.35
2008-07-16;62.91
2008-07-17;64.69
2008-07-18;66.75
2008-07-21;67.57
2008-07-22;67.11
2008-07-23;68.25
2008-07-24;70.05
2008-07-25;69.9
2008-07-28;68.31
2008-07-29;68.03
2008-07-30;71.44
2008-07-31;70.95
2008-08-01;69.64
2008-08-04;69.29
2008-08-05;71.3
2008-08-06;71.92
2008-08-07;71.22
2008-08-08;72.65
2008-08-11;74.52
2008-08-12;73.97
2008-08-13;72.14
2008-08-14;70.97
2008-08-15;72.39
2008-08-18;72.92
2008-08-19;70.18
2008-08-20;70.55
2008-08-21;69.05
2008-08-22;71.08
2008-08-25;69.99
2008-08-26;70.67
2008-08-27;70.75
2008-08-28;72.96
2008-08-29;72.72
2008-09-01;73.075
2008-09-02;75.51
2008-09-03;73.21
2008-09-04;71.3
2008-09-05;69.44
2008-09-08;71.0
2008-09-09;71.715
2008-09-10;69.53
2008-09-11;67.335
2008-09-12;68.44
2008-09-15;66.53
2008-09-16;66.605
2008-09-17;65.24
2008-09-18;64.4
2008-09-19;68.14
2008-09-22;68.1
2008-09-23;65.195
2008-09-24;63.805
2008-09-25;65.0
2008-09-26;63.51
2008-09-29;61.365
2008-09-30;61.75
2008-10-01;62.5
2008-10-02;60.365
2008-10-03;60.415
2008-10-06;54.35
2008-10-07;55.335
2008-10-08;52.01
2008-10-09;51.285
2008-10-10;51.53
2008-10-13;58.18
2008-10-14;57.425
2008-10-15;53.14
2008-10-16;51.59
2008-10-17;54.635
2008-10-20;56.83
2008-10-21;55.565
2008-10-22;51.845
2008-10-23;50.46
2008-10-24;48.38
2008-10-27;46.8
2008-10-28;48.375
2008-10-29;50.1
2008-10-30;51.69
2008-10-31;51.865
2008-11-03;53.095
2008-11-04;56.865
2008-11-05;54.325
2008-11-06;49.64
2008-11-07;49.795
2008-11-10;49.305
2008-11-11;43.76
2008-11-12;43.74
2008-11-13;42.73
2008-11-14;41.335
2008-11-17;40.89
2008-11-18;40.865
2008-11-19;39.385
2008-11-20;39.49
2008-11-21;39.195
2008-11-24;44.06
2008-11-25;45.705
2008-11-26;42.98
2008-11-27;44.825
2008-11-28;44.58
2008-12-01;43.315
2008-12-02;42.62
2008-12-03;44.22
2008-12-04;43.57
2008-12-05;41.46
2008-12-08;45.8
2008-12-09;48.81
2008-12-10;48.24
2008-12-11;48.8
2008-12-12;46.66
2008-12-15;46.86
2008-12-16;47.655
2008-12-17;46.9
2008-12-18;47.42
2008-12-19;47.02
2008-12-22;45.32
2008-12-23;44.715
2008-12-24;46.0
2008-12-29;45.97
2008-12-30;46.785
2008-12-31;47.77
2009-01-02;48.4
2009-01-05;48.86
2009-01-06;49.45
2009-01-07;48.835
2009-01-08;47.12
2009-01-09;45.995
2009-01-12;45.455
2009-01-13;45.73
2009-01-14;40.915
2009-01-15;41.0
2009-01-16;40.755
2009-01-19;40.0
2009-01-20;40.74
2009-01-21;41.51
2009-01-22;41.92
2009-01-23;41.065
2009-01-26;43.935
2009-01-27;43.35
2009-01-28;45.605
2009-01-29;42.88
2009-01-30;42.805
2009-02-02;42.0
2009-02-03;42.33
2009-02-04;45.07
2009-02-05;44.4
2009-02-06;50.02
2009-02-09;49.98
2009-02-10;47.39
2009-02-11;48.82
2009-02-12;48.145
2009-02-13;48.585
2009-02-16;47.83
2009-02-17;47.39
2009-02-18;46.85
2009-02-19;47.295
2009-02-20;45.76
2009-02-23;45.245
2009-02-24;45.9
2009-02-25;46.25
2009-02-26;46.455
2009-02-27;45.38
2009-03-02;43.405
2009-03-03;44.0
2009-03-04;47.24
2009-03-05;45.755
2009-03-06;44.72
2009-03-09;43.205
2009-03-10;46.08
2009-03-11;48.22
2009-03-12;49.3
2009-03-13;48.39
2009-03-16;48.95
2009-03-17;47.69
2009-03-18;49.345
2009-03-19;48.97
2009-03-20;49.015
2009-03-23;48.805
2009-03-24;49.06
2009-03-25;48.865
2009-03-26;47.88
2009-03-27;46.81
2009-03-30;45.34
2009-03-31;47.29
2009-04-01;48.305
2009-04-02;51.29
2009-04-03;51.85
2009-04-06;51.385
2009-04-07;50.48
2009-04-08;50.38
2009-04-09;51.95
2009-04-14;52.76
2009-04-15;52.37
2009-04-16;53.065
2009-04-17;53.35
2009-04-20;52.45
2009-04-21;55.0
2009-04-22;53.0
2009-04-23;54.35
2009-04-24;57.905
2009-04-27;57.18
2009-04-28;55.51
2009-04-29;57.265
2009-04-30;57.39
2009-05-04;58.955
2009-05-05;58.275
2009-05-06;59.17
2009-05-07;58.535
2009-05-08;60.365
2009-05-11;59.0
2009-05-12;59.02
2009-05-13;57.28
2009-05-14;57.38
2009-05-15;58.02
2009-05-18;60.035
2009-05-19;61.13
2009-05-20;60.07
2009-05-21;58.37
2009-05-22;58.65
2009-05-25;58.3
2009-05-26;58.955
2009-05-27;59.5
2009-05-28;58.575
2009-05-29;58.53
2009-06-01;60.03
2009-06-02;61.345
2009-06-03;61.045
2009-06-04;59.63
2009-06-05;59.0
2009-06-08;58.21
2009-06-09;58.42
2009-06-10;59.23
2009-06-11;59.7
2009-06-12;59.44
2009-06-15;57.55
2009-06-16;57.63
2009-06-17;56.305
2009-06-18;55.825
2009-06-19;56.59
2009-06-22;54.725
2009-06-23;55.075
2009-06-24;55.86
2009-06-25;55.065
2009-06-26;54.155
2009-06-29;55.6
2009-06-30;54.4
2009-07-01;56.02
2009-07-02;54.61
2009-07-03;54.9
2009-07-06;55.125
2009-07-07;54.22
2009-07-08;52.97
2009-07-09;53.505
2009-07-10;53.48
2009-07-13;54.67
2009-07-14;54.8
2009-07-15;56.945
2009-07-16;57.4
2009-07-17;57.73
2009-07-20;58.85
2009-07-21;59.76
2009-07-22;60.23
2009-07-23;61.85
2009-07-24;62.54
2009-07-27;61.3
2009-07-28;61.11
2009-07-29;62.24
2009-07-30;64.0
2009-07-31;63.29
2009-08-03;64.09
2009-08-04;63.11
2009-08-05;62.3
2009-08-06;63.64
2009-08-07;63.7
2009-08-10;62.79
2009-08-11;62.2
2009-08-12;63.02
2009-08-13;63.5
2009-08-14;65.62
2009-08-17;63.23
2009-08-18;63.66
2009-08-19;63.19
2009-08-20;64.31
2009-08-21;65.47
2009-08-24;65.35
2009-08-25;66.25
2009-08-26;68.06
2009-08-27;66.75
2009-08-28;67.38
2009-08-31;66.69
2009-09-01;65.66
2009-09-02;65.16
2009-09-03;64.43
2009-09-04;65.06
2009-09-07;66.67
2009-09-08;67.6
2009-09-09;69.57
2009-09-10;69.17
2009-09-11;69.4
2009-09-14;69.1
2009-09-15;68.6
2009-09-16;69.2
2009-09-17;69.74
2009-09-18;68.5
2009-09-21;68.87
2009-09-22;68.89
2009-09-23;67.78
2009-09-24;67.79
2009-09-25;68.1
2009-09-28;69.26
2009-09-29;69.11
2009-09-30;68.73
2009-10-01;68.01
2009-10-02;66.1
2009-10-05;66.64
2009-10-06;68.51
2009-10-07;69.59
2009-10-08;72.33
2009-10-09;72.45
2009-10-12;72.94
2009-10-13;71.52
2009-10-14;72.7
2009-10-15;73.36
2009-10-16;72.45
2009-10-19;74.9
2009-10-20;73.49
2009-10-21;73.44
2009-10-22;72.75
2009-10-23;72.0
2009-10-26;71.04
2009-10-27;70.95
2009-10-28;69.5
2009-10-29;71.0
2009-10-30;70.65
2009-11-02;70.15
2009-11-03;69.0
2009-11-04;70.17
2009-11-05;71.32
2009-11-06;73.03
2009-11-09;74.9
2009-11-10;75.13
2009-11-11;75.22
2009-11-12;74.75
2009-11-13;75.2
2009-11-16;76.2
2009-11-17;74.29
2009-11-18;73.74
2009-11-19;72.76
2009-11-20;71.66
2009-11-23;73.84
2009-11-24;73.34
2009-11-25;73.8
2009-11-26;70.48
2009-11-27;70.92
2009-11-30;69.36
2009-12-01;71.27
2009-12-02;73.3
2009-12-03;72.32
2009-12-04;74.3
2009-12-07;74.54
2009-12-08;73.23
2009-12-09;72.25
2009-12-10;72.27
2009-12-11;73.62
2009-12-14;74.46
2009-12-15;75.85
2009-12-16;77.0
2009-12-17;75.73
2009-12-18;75.16
2009-12-21;77.4
2009-12-22;78.35
2009-12-23;77.46
2009-12-24;77.9
2009-12-28;77.91
2009-12-29;79.06
2009-12-30;78.28
2009-12-31;78.38
2010-01-04;78.7
2010-01-05;78.33
2010-01-06;79.09
2010-01-07;79.99
2010-01-08;81.07
2010-01-11;81.7
2010-01-12;79.35
2010-01-13;79.95
2010-01-14;80.06
2010-01-15;79.41
2010-01-18;80.81
2010-01-19;82.1
2010-01-20;79.89
2010-01-21;78.44
2010-01-22;77.77
2010-01-25;77.8
2010-01-26;79.44
2010-01-27;79.06
2010-01-28;78.11
2010-01-29;79.07
2010-02-01;79.33
2010-02-02;81.1
2010-02-03;81.45
2010-02-04;77.96
2010-02-05;74.87
2010-02-08;76.23
2010-02-09;77.05
2010-02-10;77.82
2010-02-11;77.58
2010-02-12;76.42
2010-02-15;77.28
2010-02-16;77.5
2010-02-17;78.69
2010-02-18;79.6
2010-02-19;79.55
2010-02-22;80.08
2010-02-23;79.0
2010-02-24;78.7
2010-02-25;76.76
2010-02-26;79.6
2010-03-01;81.74
2010-03-02;83.12
2010-03-03;84.43
2010-03-04;84.01
2010-03-05;86.97
2010-03-08;85.9
2010-03-09;85.69
2010-03-10;86.42
2010-03-11;85.76
2010-03-12;86.41
2010-03-15;85.68
2010-03-16;86.74
2010-03-17;86.0
2010-03-18;87.18
2010-03-19;86.62
2010-03-22;86.81
2010-03-23;87.54
2010-03-24;87.11
2010-03-25;87.51
2010-03-26;87.2
2010-03-29;87.6
2010-03-30;86.89
2010-03-31;86.54
2010-04-01;88.6
2010-04-06;88.34
2010-04-07;86.48
2010-04-08;84.95
2010-04-09;88.39
2010-04-12;88.75
2010-04-13;90.05
2010-04-14;90.39
2010-04-15;90.52
2010-04-16;87.53
2010-04-19;86.72
2010-04-20;88.17
2010-04-21;87.6
2010-04-22;87.17
2010-04-23;88.97
2010-04-26;90.37
2010-04-27;86.3
2010-04-28;84.86
2010-04-29;86.93
2010-04-30;86.84
2010-05-03;87.28
2010-05-04;84.21
2010-05-05;84.01
2010-05-06;83.66
2010-05-07;79.51
2010-05-10;87.53
2010-05-11;88.23
2010-05-12;91.17
2010-05-13;91.65
2010-05-14;88.06
2010-05-17;87.09
2010-05-18;88.89
2010-05-19;86.16
2010-05-20;83.41
2010-05-21;83.74
2010-05-24;82.85
2010-05-25;81.24
2010-05-26;84.08
2010-05-27;86.87
2010-05-28;85.92
2010-05-31;86.22
2010-06-01;86.72
2010-06-02;87.38
2010-06-03;89.09
2010-06-04;87.27
2010-06-07;86.74
2010-06-08;86.9
2010-06-09;90.2
2010-06-10;91.32
2010-06-11;91.91
2010-06-14;92.08
2010-06-15;91.42
2010-06-16;92.12
2010-06-17;93.25
2010-06-18;93.39
2010-06-21;96.58
2010-06-22;95.3
2010-06-23;94.28
2010-06-24;92.04
2010-06-25;90.79
2010-06-28;93.27
2010-06-29;89.24
2010-06-30;89.81
2010-07-01;85.2
2010-07-02;84.92
2010-07-05;85.04
2010-07-06;87.72
2010-07-07;87.21
2010-07-08;89.07
2010-07-09;89.9
2010-07-12;89.38
2010-07-13;91.52
2010-07-14;91.3
2010-07-15;90.95
2010-07-16;89.48
2010-07-19;88.3
2010-07-20;88.86
2010-07-21;90.06
2010-07-22;93.25
2010-07-23;94.1
2010-07-26;95.03
2010-07-27;92.26
2010-07-28;92.65
2010-07-29;92.05
2010-07-30;93.62
2010-08-02;95.31
2010-08-03;94.86
2010-08-04;95.17
2010-08-05;96.51
2010-08-06;95.63
2010-08-09;97.4
2010-08-10;96.28
2010-08-11;93.18
2010-08-12;92.93
2010-08-13;93.64
2010-08-16;93.56
2010-08-17;94.67
2010-08-18;95.09
2010-08-19;93.6
2010-08-20;92.27
2010-08-23;93.04
2010-08-24;91.72
2010-08-25;90.29
2010-08-26;91.99
2010-08-27;91.67
2010-08-30;91.6
2010-08-31;91.77
2010-09-01;95.8
2010-09-02;96.47
2010-09-03;98.31
2010-09-06;97.47
2010-09-07;97.05
2010-09-08;98.42
2010-09-09;98.28
2010-09-10;98.89
2010-09-13;99.91
2010-09-14;101.3
2010-09-15;101.15
2010-09-16;101.1
2010-09-17;100.85
2010-09-20;104.3
2010-09-21;104.95
2010-09-22;102.55
2010-09-23;102.1
2010-09-24;105.8
2010-09-27;104.1
2010-09-28;106.5
2010-09-29;106.8
2010-09-30;107.6
2010-10-01;105.15
2010-10-04;105.8
2010-10-05;107.9
2010-10-06;109.75
2010-10-07;110.0
2010-10-08;109.7
2010-10-11;110.4
2010-10-12;109.75
2010-10-13;110.85
2010-10-14;111.45
2010-10-15;111.9
2010-10-18;111.5
2010-10-19;108.85
2010-10-20;108.9
2010-10-21;114.25
2010-10-22;113.3
2010-10-25;116.0
2010-10-26;112.35
2010-10-27;111.95
2010-10-28;112.35
2010-10-29;112.6
2010-11-01;113.35
2010-11-02;114.7
2010-11-03;116.0
2010-11-04;119.2
2010-11-05;119.1
2010-11-08;118.75
2010-11-09;117.7
2010-11-10;116.8
2010-11-11;117.85
2010-11-12;116.1
2010-11-15;116.85
2010-11-16;115.0
2010-11-17;115.15
2010-11-18;118.0
2010-11-19;119.4
2010-11-22;119.799
2010-11-23;116.8
2010-11-24;118.95
2010-11-25;120.85
2010-11-26;119.85
2010-11-29;117.05
2010-11-30;116.85
2010-12-01;118.5
2010-12-02;122.199
2010-12-03;121.699
2010-12-06;121.449
2010-12-07;124.099
2010-12-08;121.999
2010-12-09;120.699
2010-12-10;121.499
2010-12-13;123.199
2010-12-14;123.749
2010-12-15;121.499
2010-12-16;123.549
2010-12-17;123.199
2010-12-20;123.399
2010-12-21;125.449
2010-12-22;127.699
2010-12-23;127.349
2010-12-24;127.999
2010-12-27;125.649
2010-12-28;124.649
2010-12-29;125.449
2010-12-30;123.349
2010-12-31;123.099
2011-01-03;124.349
2011-01-04;121.549
2011-01-05;119.799
2011-01-06;121.899
2011-01-07;119.35
2011-01-10;118.95
2011-01-11;121.249
2011-01-12;121.049
2011-01-13;118.85
2011-01-14;116.75
2011-01-17;116.7
2011-01-18;118.3
2011-01-19;114.4
2011-01-20;112.8
2011-01-21;112.3
2011-01-24;113.3
2011-01-25;115.65
2011-01-26;116.2
2011-01-27;114.85
2011-01-28;113.8
2011-01-31;114.05
2011-02-01;116.25
2011-02-02;116.2
2011-02-03;116.9
2011-02-04;114.05
2011-02-07;116.4
2011-02-08;119.6
2011-02-09;118.05
2011-02-10;118.85
2011-02-11;119.4
2011-02-14;119.499
2011-02-15;118.05
2011-02-16;116.9
2011-02-17;117.45
2011-02-18;116.25
2011-02-21;115.3
2011-02-22;115.0
2011-02-23;113.5
2011-02-24;111.2
2011-02-25;114.2
2011-02-28;114.25
2011-03-01;115.3
2011-03-02;113.15
2011-03-03;112.95
2011-03-04;111.55
2011-03-07;112.95
2011-03-08;114.3
2011-03-09;114.95
2011-03-10;113.1
2011-03-11;110.0
2011-03-14;106.6
2011-03-15;104.25
2011-03-16;100.8
2011-03-17;103.65
2011-03-18;105.5
2011-03-21;109.0
2011-03-22;108.75
2011-03-23;108.2
2011-03-24;110.2
2011-03-25;109.7
2011-03-28;110.9
2011-03-29;110.25
2011-03-30;111.65
2011-03-31;111.7
2011-04-01;113.0
2011-04-04;112.05
2011-04-05;113.7
2011-04-06;114.0
2011-04-07;111.95
2011-04-08;111.2
2011-04-11;111.15
2011-04-12;109.8
2011-04-13;111.2
2011-04-14;111.2
2011-04-15;112.0
2011-04-18;109.75
2011-04-19;115.2
2011-04-20;117.7
2011-04-21;119.3
2011-04-26;119.799
2011-04-27;118.75
2011-04-28;120.0
2011-04-29;121.249
2011-05-02;120.749
2011-05-03;120.55
2011-05-04;118.0
2011-05-05;118.0
2011-05-06;120.2
2011-05-09;118.5
2011-05-10;120.3
2011-05-11;123.049
2011-05-12;120.949
2011-05-13;120.749
2011-05-16;120.699
2011-05-17;118.6
2011-05-18;120.25
2011-05-19;120.399
2011-05-20;119.05
2011-05-23;116.05
2011-05-24;117.7
2011-05-25;117.7
2011-05-26;116.5
2011-05-27;118.35
2011-05-30;118.0
2011-05-31;120.9
2011-06-01;120.099
2011-06-02;118.15
2011-06-03;118.25
2011-06-06;117.55
2011-06-07;117.6
2011-06-08;116.15
2011-06-09;116.9
2011-06-10;114.8
2011-06-13;115.45
2011-06-14;116.8
2011-06-15;115.0
2011-06-16;113.0
2011-06-17;112.75
2011-06-20;113.15
2011-06-21;116.7
2011-06-22;118.35
2011-06-23;114.65
2011-06-24;116.25
2011-06-27;116.75
2011-06-28;120.6
2011-06-29;122.499
2011-06-30;124.099
2011-07-01;125.849
2011-07-04;125.499
2011-07-05;127.049
2011-07-06;126.799
2011-07-07;128.949
2011-07-08;126.899
2011-07-11;124.399
2011-07-12;123.449
2011-07-13;125.749
2011-07-14;124.699
2011-07-15;124.649
2011-07-18;122.399
2011-07-19;123.199
2011-07-20;126.149
2011-07-21;128.349
2011-07-22;129.249
2011-07-25;130.549
2011-07-26;129.999
2011-07-27;129.799
2011-07-28;128.949
2011-07-29;127.949
2011-08-01;127.299
2011-08-02;123.049
2011-08-03;121.399
2011-08-04;115.2
2011-08-05;115.2
2011-08-08;107.15
2011-08-09;111.15
2011-08-10;106.7
2011-08-11;111.3
2011-08-12;114.75
2011-08-15;115.35
2011-08-16;115.05
2011-08-17;116.85
2011-08-18;110.85
2011-08-19;107.5
2011-08-22;107.5
2011-08-23;109.2
2011-08-24;110.6
2011-08-25;111.95
2011-08-26;110.65
2011-08-29;113.15
2011-08-30;114.45
2011-08-31;117.95
2011-09-01;119.05
2011-09-02;114.15
2011-09-05;109.0
2011-09-06;109.25
2011-09-07;114.5
2011-09-08;115.15
2011-09-09;111.3
2011-09-12;107.7
2011-09-13;109.05
2011-09-14;111.8
2011-09-15;115.65
2011-09-16;115.25
2011-09-19;111.4
2011-09-20;115.45
2011-09-21;113.85
2011-09-22;106.9
2011-09-23;105.45
2011-09-26;104.85
2011-09-27;109.1
2011-09-28;108.8
2011-09-29;103.2
2011-09-30;99.65
2011-10-03;98.04
2011-10-04;97.79
2011-10-05;101.95
2011-10-06;105.25
2011-10-07;107.3
2011-10-10;110.1
2011-10-11;110.6
2011-10-12;114.2
2011-10-13;113.5
2011-10-14;114.4
2011-10-17;113.55
2011-10-18;114.0
2011-10-19;113.0
2011-10-20;112.15
2011-10-21;115.4
2011-10-24;117.85
2011-10-25;117.4
2011-10-26;118.4
2011-10-27;124.499
2011-10-28;122.799
2011-10-31;120.25
2011-11-01;114.85
2011-11-02;118.05
2011-11-03;118.1
2011-11-04;115.4
2011-11-07;114.3
2011-11-08;115.95
2011-11-09;114.6
2011-11-10;114.55
2011-11-11;117.0
2011-11-14;116.75
2011-11-15;114.0
2011-11-16;114.45
2011-11-17;113.15
2011-11-18;112.4
2011-11-21;108.15
2011-11-22;108.75
2011-11-23;106.6
2011-11-24;106.9
2011-11-25;108.1
2011-11-28;112.3
2011-11-29;112.0
2011-11-30;116.6
2011-12-01;116.0
2011-12-02;116.25
2011-12-05;115.15
2011-12-06;115.35
2011-12-07;114.65
2011-12-08;111.85
2011-12-09;114.45
2011-12-12;111.35
2011-12-13;110.0
2011-12-14;105.9
2011-12-15;105.4
2011-12-16;104.1
2011-12-19;104.5
2011-12-20;105.7
2011-12-21;105.6
2011-12-22;106.65
2011-12-23;108.4
2011-12-27;107.9
2011-12-28;107.0
2011-12-29;108.25
2011-12-30;109.4
2012-01-02;111.35
2012-01-03;112.15
2012-01-04;110.9
2012-01-05;109.95
2012-01-06;108.9
2012-01-09;110.05
2012-01-10;115.2
2012-01-11;113.6
2012-01-12;114.3
2012-01-13;113.8
2012-01-16;117.05
2012-01-17;117.2
2012-01-18;118.05
2012-01-19;120.2
2012-01-20;120.55
2012-01-23;120.55
2012-01-24;120.399
2012-01-25;121.049
2012-01-26;123.499
2012-01-27;122.549
2012-01-30;120.999
2012-01-31;123.599
2012-02-01;126.799
2012-02-02;126.399
2012-02-03;129.299
2012-02-06;128.649
2012-02-07;125.299
2012-02-08;123.699
2012-02-09;123.849
2012-02-10;123.649
2012-02-13;124.399
2012-02-14;125.049
2012-02-15;126.449
2012-02-16;125.099
2012-02-17;125.299
2012-02-20;127.249
2012-02-21;127.599
2012-02-22;126.099
2012-02-23;127.499
2012-02-24;126.349
2012-02-27;124.699
2012-02-28;126.549
2012-02-29;126.299
2012-03-01;128.799
2012-03-02;129.149
2012-03-05;128.599
2012-03-06;124.599
2012-03-07;125.949
2012-03-08;129.999
2012-03-09;129.699
2012-03-12;132.449
2012-03-13;134.599
2012-03-14;133.599
2012-03-15;134.999
2012-03-16;135.399
2012-03-19;134.699
2012-03-20;131.499
2012-03-21;132.149
2012-03-22;128.849
2012-03-23;128.349
2012-03-26;129.699
2012-03-27;130.299
2012-03-28;129.949
2012-03-29;126.149
2012-03-30;128.849
2012-04-02;132.049
2012-04-03;129.999
2012-04-04;126.899
2012-04-05;128.999
2012-04-10;125.699
2012-04-11;127.199
2012-04-12;129.899
2012-04-13;127.149
2012-04-16;130.299
2012-04-17;130.499
2012-04-18;126.199
2012-04-19;123.099
2012-04-20;123.399
2012-04-23;119.799
2012-04-24;122.249
2012-04-25;124.299
2012-04-26;124.899
2012-04-27;126.249
2012-04-30;125.149
2012-05-02;128.399
2012-05-03;129.349
2012-05-04;125.749
2012-05-07;127.499
2012-05-08;123.199
2012-05-09;124.549
2012-05-10;122.399
2012-05-11;123.349
2012-05-14;121.049
2012-05-15;122.349
2012-05-16;122.999
2012-05-17;122.249
2012-05-18;119.749
2012-05-21;120.2
2012-05-22;123.499
2012-05-23;119.449
2012-05-24;117.3
2012-05-25;118.3
2012-05-28;118.6
2012-05-29;121.899
2012-05-30;118.9
2012-05-31;119.4
2012-06-01;112.65
2012-06-04;111.7
2012-06-05;113.5
2012-06-06;118.25
2012-06-07;120.999
2012-06-08;119.35
2012-06-11;120.25
2012-06-12;119.3
2012-06-13;118.6
2012-06-14;117.55
2012-06-15;118.25
2012-06-18;118.35
2012-06-19;121.499
2012-06-20;119.6
2012-06-21;119.6
2012-06-22;116.7
2012-06-25;114.1
2012-06-26;115.0
2012-06-27;116.25
2012-06-28;114.6
2012-06-29;119.85
2012-07-02;120.999
2012-07-03;122.599
2012-07-04;122.749
2012-07-05;123.299
2012-07-06;120.749
2012-07-09;118.7
2012-07-10;120.449
2012-07-11;116.65
2012-07-12;114.8
2012-07-13;118.85
2012-07-16;118.3
2012-07-17;118.2
2012-07-18;120.499
2012-07-19;123.449
2012-07-20;120.999
2012-07-23;118.7
2012-07-24;119.0
2012-07-25;120.55
2012-07-26;124.899
2012-07-27;124.399
2012-07-30;124.449
2012-07-31;122.549
2012-08-01;123.399
2012-08-02;121.599
2012-08-03;128.199
2012-08-06;130.199
2012-08-07;132.249
2012-08-08;130.549
2012-08-09;134.149
2012-08-10;134.649
2012-08-13;134.399
2012-08-14;134.249
2012-08-15;132.999
2012-08-16;132.999
2012-08-17;133.399
2012-08-20;133.649
2012-08-21;133.999
2012-08-22;132.749
2012-08-23;131.399
2012-08-24;131.899
2012-08-27;133.499
2012-08-28;132.399
2012-08-29;131.999
2012-08-30;129.199
2012-08-31;129.799
2012-09-03;129.999
2012-09-04;127.799
2012-09-05;128.049
2012-09-06;132.299
2012-09-07;132.849
2012-09-10;132.249
2012-09-11;127.799
2012-09-12;125.249
2012-09-13;123.299
2012-09-14;126.799
2012-09-17;124.599
2012-09-18;124.349
2012-09-19;125.349
2012-09-20;123.999
2012-09-21;122.549
2012-09-24;122.849
2012-09-25;123.049
2012-09-26;121.099
2012-09-27;119.499
2012-09-28;117.0
2012-10-01;120.6
2012-10-02;120.749
2012-10-03;118.85
2012-10-04;120.3
2012-10-05;122.099
2012-10-08;120.3
2012-10-09;118.55
2012-10-10;118.4
2012-10-11;122.949
2012-10-12;122.849
2012-10-15;123.799
2012-10-16;128.249
2012-10-17;128.899
2012-10-18;126.799
2012-10-19;125.799
2012-10-22;125.099
2012-10-23;122.399
2012-10-24;122.849
2012-10-25;122.399
2012-10-26;124.999
2012-10-29;124.799
2012-10-30;126.749
2012-10-31;125.399
2012-11-01;128.599
2012-11-02;129.999
2012-11-05;128.999
2012-11-06;129.049
2012-11-07;125.899
2012-11-08;125.549
2012-11-09;126.499
2012-11-12;126.149
2012-11-13;127.849
2012-11-14;125.649
2012-11-15;125.849
2012-11-16;123.699
2012-11-19;127.699
2012-11-20;128.999
2012-11-21;128.999
2012-11-22;128.849
2012-11-23;130.549
2012-11-26;130.849
2012-11-27;131.599
2012-11-28;133.749
2012-11-29;133.199
2012-11-30;134.899
2012-12-03;136.099
2012-12-04;136.399
2012-12-05;136.749
2012-12-06;138.299
2012-12-07;138.149
2012-12-10;138.499
2012-12-11;139.999
2012-12-12;138.549
2012-12-13;137.749
2012-12-14;137.899
2012-12-17;137.099
2012-12-18;138.049
2012-12-19;139.299
2012-12-20;139.799
2012-12-21;139.999
2012-12-24;138.799
2012-12-27;139.649
2012-12-28;137.799
2012-12-31;138.799
2013-01-02;142.149
2013-01-03;141.149
2013-01-04;141.849
2013-01-07;140.149
2013-01-08;139.399
2013-01-09;138.049
2013-01-10;136.599
2013-01-11;137.849
2013-01-14;136.999
2013-01-15;138.999
2013-01-16;140.499
2013-01-17;142.199
2013-01-18;141.449
2013-01-21;139.999
2013-01-22;139.299
2013-01-23;138.399
2013-01-24;139.599
2013-01-25;140.849
2013-01-28;140.099
2013-01-29;140.699
2013-01-30;139.499
2013-01-31;138.849
2013-02-01;139.849
2013-02-04;133.999
2013-02-05;134.999
2013-02-06;131.999
2013-02-07;130.749
2013-02-08;133.099
2013-02-11;131.349
2013-02-12;132.999
2013-02-13;133.549
2013-02-14;131.949
2013-02-15;132.999
2013-02-18;132.349
2013-02-19;133.799
2013-02-20;132.499
2013-02-21;130.549
2013-02-22;132.449
2013-02-25;133.599
2013-02-26;130.749
2013-02-27;131.399
2013-02-28;131.899
2013-03-01;131.399
2013-03-04;131.399
2013-03-05;133.799
2013-03-06;134.249
2013-03-07;134.749
2013-03-08;136.699
2013-03-11;136.099
2013-03-12;135.949
2013-03-13;136.049
2013-03-14;135.599
2013-03-15;134.199
2013-03-18;134.399
2013-03-19;132.099
2013-03-20;133.299
2013-03-21;130.649
2013-03-22;130.849
2013-03-25;129.649
2013-03-26;131.299
2013-03-27;132.699
2013-03-28;133.899
2013-04-02;136.699
2013-04-03;135.599
2013-04-04;134.399
2013-04-05;129.899
2013-04-08;131.749
2013-04-09;129.799
2013-04-10;131.999
2013-04-11;132.999
2013-04-12;130.849
2013-04-15;131.249
2013-04-16;126.249
2013-04-17;121.749
2013-04-18;120.799
2013-04-19;123.299
2013-04-22;121.849
2013-04-23;125.099
2013-04-24;128.199
2013-04-25;129.849
2013-04-26;129.149
2013-04-29;131.399
2013-04-30;131.499
2013-05-02;131.999
2013-05-03;135.199
2013-05-06;134.049
2013-05-07;133.449
2013-05-08;133.499
2013-05-09;133.799
2013-05-10;134.349
2013-05-13;133.149
2013-05-14;135.749
2013-05-15;137.899
2013-05-16;140.399
2013-05-17;141.649
2013-05-20;142.299
2013-05-21;143.199
2013-05-22;141.799
2013-05-23;137.399
2013-05-24;137.499
2013-05-27;138.199
2013-05-28;140.349
2013-05-29;137.099
2013-05-30;138.349
2013-05-31;136.649
2013-06-03;135.499
2013-06-04;134.549
2013-06-05;100.2
2013-06-06;130.799
2013-06-07;132.649
2013-06-10;132.699
2013-06-11;129.599
2013-06-12;127.699
2013-06-13;125.999
2013-06-14;125.799
2013-06-17;127.149
2013-06-18;126.849
2013-06-19;127.599
2013-06-20;122.949
2013-06-21;121.099
2013-06-24;119.25
2013-06-25;121.999
2013-06-26;125.199
2013-06-27;126.499
2013-06-28;124.499
2013-07-01;127.349
2013-07-02;126.099
2013-07-03;124.749
2013-07-04;126.299
2013-07-05;125.049
2013-07-08;128.749
2013-07-09;131.399
2013-07-10;132.399
2013-07-11;133.649
2013-07-12;133.249
2013-07-15;133.949
2013-07-16;131.649
2013-07-17;133.099
2013-07-18;133.999
2013-07-19;132.949
2013-07-22;131.599
2013-07-23;130.049
2013-07-24;130.399
2013-07-25;130.399
2013-07-26;135.049
2013-07-29;134.449
2013-07-30;135.799
2013-07-31;136.649
2013-08-01;139.999
2013-08-02;140.649
2013-08-05;140.099
2013-08-06;139.999
2013-08-07;138.949
2013-08-08;138.799
2013-08-09;139.049
2013-08-12;139.949
2013-08-13;140.099
2013-08-14;141.999
2013-08-15;139.999
2013-08-16;140.899
2013-08-19;140.849
2013-08-20;139.649
2013-08-21;139.149
2013-08-22;139.899
2013-08-23;138.999
2013-08-26;139.799
2013-08-27;135.799
2013-08-28;133.149
2013-08-29;134.599
2013-08-30;132.549
2013-09-02;135.849
2013-09-03;134.899
2013-09-04;134.549
2013-09-05;135.149
2013-09-06;137.249
2013-09-09;138.349
2013-09-10;141.999
2013-09-11;141.499
2013-09-12;140.749
2013-09-13;141.649
2013-09-16;144.949
2013-09-17;143.649
2013-09-18;145.799
2013-09-19;149.249
2013-09-20;148.049
2013-09-23;146.299
2013-09-24;148.499
2013-09-25;147.399
2013-09-26;147.099
2013-09-27;146.049
2013-09-30;145.599
2013-10-01;148.049
2013-10-02;144.749
2013-10-03;145.749
2013-10-04;146.699
2013-10-07;145.149
2013-10-08;144.299
2013-10-09;143.599
2013-10-10;145.899
2013-10-11;146.199
2013-10-14;144.799
2013-10-15;144.849
2013-10-16;138.699
2013-10-17;138.049
2013-10-18;140.999
2013-10-21;139.249
2013-10-22;140.399
2013-10-23;139.649
2013-10-24;139.799
2013-10-25;139.149
2013-10-28;139.599
2013-10-29;140.199
2013-10-30;140.699
2013-10-31;141.799
2013-11-01;141.199
2013-11-04;141.849
2013-11-05;139.649
2013-11-06;139.849
2013-11-07;139.749
2013-11-08;139.399
2013-11-11;140.349
2013-11-12;139.449
2013-11-13;138.299
2013-11-14;139.649
2013-11-15;140.349
2013-11-18;142.549
2013-11-19;141.149
2013-11-20;140.949
2013-11-21;139.449
2013-11-22;139.999
2013-11-25;142.149
2013-11-26;140.949
2013-11-27;141.649
2013-11-28;140.699
2013-11-29;138.749
2013-12-02;138.299
2013-12-03;134.449
2013-12-04;132.349
2013-12-05;131.249
2013-12-06;130.299
2013-12-09;130.999
2013-12-10;128.599
2013-12-11;128.749
2013-12-12;127.299
2013-12-13;127.249
2013-12-16;128.899
2013-12-17;128.999
2013-12-18;129.249
2013-12-19;130.049
2013-12-20;129.799
2013-12-23;130.249
2013-12-24;129.949
2013-12-27;132.349
2013-12-30;132.199
2013-12-31;132.599
2014-01-02;131.249
2014-01-03;130.999
2014-01-06;128.549
2014-01-07;127.649
2014-01-08;125.799
2014-01-09;122.949
2014-01-10;125.799
2014-01-13;126.349
2014-01-14;126.249
2014-01-15;128.699
2014-01-16;126.649
2014-01-17;126.699
2014-01-20;127.499
2014-01-21;128.999
2014-01-22;127.949
2014-01-23;125.449
2014-01-24;124.199
2014-01-27;123.249
2014-01-28;124.099
2014-01-29;123.349
2014-01-30;122.499
2014-01-31;132.149
2014-02-03;129.599
2014-02-04;130.149
2014-02-05;130.349
2014-02-06;133.699
2014-02-07;134.199
2014-02-10;133.499
2014-02-11;134.499
2014-02-12;133.849
2014-02-13;133.399
2014-02-14;134.799
2014-02-17;135.199
2014-02-18;135.749
2014-02-19;136.249
2014-02-20;137.149
2014-02-21;137.449
2014-02-24;138.749
2014-02-25;137.349
2014-02-26;135.149
2014-02-27;135.599
2014-02-28;134.849
2014-03-03;131.049
2014-03-04;133.149
2014-03-05;132.249
2014-03-06;131.649
2014-03-07;131.649
2014-03-10;131.349
2014-03-11;130.899
2014-03-12;128.999
2014-03-13;128.249
2014-03-14;126.749
2014-03-17;127.999
2014-03-18;129.099
2014-03-19;128.299
2014-03-20;129.299
2014-03-21;128.949
2014-03-24;128.449
2014-03-25;131.299
2014-03-26;132.549
2014-03-27;132.899
2014-03-28;133.749
2014-03-31;131.949
2014-04-01;134.299
2014-04-02;134.199
2014-04-03;133.549
2014-04-04;133.649
2014-04-07;133.449
2014-04-08;135.049
2014-04-09;136.449
2014-04-10;140.849
2014-04-11;141.199
2014-04-14;142.149
2014-04-15;141.999
2014-04-16;142.949
2014-04-17;142.699
2014-04-22;143.099
2014-04-23;142.299
2014-04-24;142.649
2014-04-25;141.949
2014-04-28;141.649
2014-04-29;140.299
2014-04-30;141.749
2014-05-02;140.799
2014-05-05;140.649
2014-05-06;139.999
2014-05-07;140.099
2014-05-08;142.699
2014-05-09;141.849
2014-05-12;143.249
2014-05-13;142.949
2014-05-14;142.399
2014-05-15;143.549
2014-05-16;143.749
2014-05-19;142.349
2014-05-20;142.749
2014-05-21;143.949
2014-05-22;143.549
2014-05-23;143.149
2014-05-26;144.249
2014-05-27;144.649
2014-05-28;144.199
2014-05-29;144.499
2014-05-30;145.949
2014-06-02;144.699
2014-06-03;145.049
2014-06-04;145.249
2014-06-05;145.749
2014-06-06;143.249
2014-06-09;143.449
2014-06-10;144.599
2014-06-11;144.899
2014-06-12;144.749
2014-06-13;144.399
2014-06-16;144.349
2014-06-17;145.399
2014-06-18;144.849
2014-06-19;145.699
2014-06-20;145.699
2014-06-23;145.499
2014-06-24;145.849
2014-06-25;143.699
2014-06-26;141.249
2014-06-27;140.349
2014-06-30;140.799
2014-07-01;140.999
2014-07-02;139.949
2014-07-03;141.849
2014-07-04;140.849
2014-07-07;139.649
2014-07-08;138.449
2014-07-09;139.499
2014-07-10;139.349
2014-07-11;139.349
2014-07-14;140.349
2014-07-15;138.699
2014-07-16;139.999
2014-07-17;138.549
2014-07-18;138.399
2014-07-21;138.449
2014-07-22;139.249
2014-07-23;139.799
2014-07-24;141.249
2014-07-25;131.649
2014-07-28;131.549
2014-07-29;131.699
2014-07-30;130.249
2014-07-31;128.599
2014-08-01;128.249
2014-08-04;127.449
2014-08-05;129.749
2014-08-06;129.449
2014-08-07;126.949
2014-08-08;126.649
2014-08-11;127.649
2014-08-12;127.899
2014-08-13;128.499
2014-08-14;128.199
2014-08-15;127.199
2014-08-18;128.499
2014-08-19;129.649
2014-08-20;129.849
2014-08-21;130.649
2014-08-22;129.499
2014-08-25;131.849
2014-08-26;133.149
2014-08-27;132.699
2014-08-28;131.799
2014-08-29;132.049
2014-09-01;132.899
2014-09-02;133.049
2014-09-03;136.899
2014-09-04;137.599
2014-09-05;136.649
2014-09-08;136.249
2014-09-09;135.949
2014-09-10;135.899
2014-09-11;136.799
2014-09-12;136.199
2014-09-15;136.799
2014-09-16;135.649
2014-09-17;134.649
2014-09-18;135.649
2014-09-19;134.449
2014-09-22;132.449
2014-09-23;130.749
2014-09-24;132.699
2014-09-25;130.799
2014-09-26;130.849
2014-09-29;128.849
2014-09-30;128.699
2014-10-01;127.349
2014-10-02;125.899
2014-10-03;127.849
2014-10-06;128.199
2014-10-07;125.749
2014-10-08;126.349
2014-10-09;127.099
2014-10-10;124.999
2014-10-13;125.599
2014-10-14;125.099
2014-10-15;124.899
2014-10-16;123.749
2014-10-17;125.199
2014-10-20;124.949
2014-10-21;126.549
2014-10-22;127.049
2014-10-23;128.549
2014-10-24;128.249
2014-10-27;128.449
2014-10-28;129.899
2014-10-29;131.449
2014-10-30;132.699
2014-10-31;135.349
2014-11-03;134.799
2014-11-04;131.949
2014-11-05;133.999
2014-11-06;135.299
2014-11-07;133.899
2014-11-10;135.749
2014-11-11;136.749
2014-11-12;136.149
2014-11-13;137.749
2014-11-14;137.749
2014-11-17;138.349
2014-11-18;139.449
2014-11-19;140.349
2014-11-20;139.899
2014-11-21;144.949
2014-11-24;144.299
2014-11-25;143.799
2014-11-26;142.949
2014-11-27;142.999
2014-11-28;144.499
2014-12-01;143.749
2014-12-02;142.299
2014-12-03;142.549
2014-12-04;142.399
2014-12-05;145.749
2014-12-08;144.899
2014-12-09;141.999
2014-12-10;141.099
2014-12-11;140.999
2014-12-12;137.599
2014-12-15;134.799
2014-12-16;136.799
2014-12-17;125.85
2014-12-18;130.25
2014-12-19;129.95
2014-12-22;131.05
2014-12-23;132.5
2014-12-24;131.9
2014-12-29;132.5
2014-12-30;131.15
2014-12-31;132.25
2015-01-02;130.85
2015-01-05;127.05
2015-01-06;125.6
2015-01-07;125.7
2015-01-08;129.65
2015-01-09;127.7
2015-01-12;131.95
2015-01-13;132.95
2015-01-14;132.7
2015-01-15;135.05
2015-01-16;134.2
2015-01-19;134.2
2015-01-20;136.5
2015-01-21;137.4
2015-01-22;137.85
2015-01-23;141.85
2015-01-26;144.65
2015-01-27;145.1
2015-01-28;145.2
2015-01-29;144.7
2015-01-30;143.5
2015-02-02;143.3
2015-02-03;144.5
2015-02-04;156.25
2015-02-05;153.5
2015-02-06;152.8
2015-02-09;150.6
2015-02-10;156.15
2015-02-11;156.55
2015-02-12;159.15
2015-02-13;158.5
2015-02-16;156.95
2015-02-17;157.6
2015-02-18;158.75
2015-02-19;160.8
2015-02-20;161.0
2015-02-23;161.25
2015-02-24;161.2
2015-02-25;161.6
2015-02-26;161.95
2015-02-27;163.9
2015-03-02;164.75
2015-03-03;162.4
2015-03-04;165.1
2015-03-05;167.7
2015-03-06;168.9
2015-03-09;167.8
2015-03-10;166.25
2015-03-11;171.5
2015-03-12;170.6
2015-03-13;171.25
2015-03-16;174.7
2015-03-17;172.7
2015-03-18;170.75
2015-03-19;168.3
2015-03-20;169.25
2015-03-23;164.5
2015-03-24;166.45
2015-03-25;163.6
2015-03-26;162.35
2015-03-27;162.25
2015-03-30;164.5
2015-03-31;164.15
2015-04-01;163.3
2015-04-02;163.55
2015-04-07;165.55
2015-04-08;167.5
2015-04-09;170.8
2015-04-10;172.4
2015-04-13;172.55
2015-04-14;168.25
2015-04-15;171.2
2015-04-16;169.05
2015-04-17;165.45
2015-04-20;165.0
2015-04-21;164.1
2015-04-22;160.85
2015-04-23;159.3
2015-04-24;161.05
2015-04-27;162.65
2015-04-28;158.85
2015-04-29;155.75
2015-04-30;156.6
2015-05-04;159.5
2015-05-05;154.65
2015-05-06;154.25
2015-05-07;155.9
2015-05-08;160.8
2015-05-11;158.35
2015-05-12;155.9
2015-05-13;154.4
2015-05-14;158.85
2015-05-15;158.75
2015-05-18;160.15
2015-05-19;165.95
2015-05-20;166.0
2015-05-21;165.6
2015-05-22;166.4
2015-05-25;165.9
2015-05-26;165.0
2015-05-27;167.85
2015-05-28;166.55
2015-05-29;162.15
2015-06-01;163.2
2015-06-02;165.1
2015-06-03;165.55
2015-06-04;163.45
2015-06-05;160.3
2015-06-08;160.25
2015-06-09;155.15
2015-06-10;161.55
2015-06-11;165.5
2015-06-12;162.35
2015-06-15;159.85
2015-06-16;160.3
2015-06-17;159.2
2015-06-18;159.9
2015-06-19;159.95
2015-06-22;168.0
2015-06-23;170.35
2015-06-24;170.85
2015-06-25;170.9
2015-06-26;171.2
2015-06-29;163.6
2015-06-30;157.15
2015-07-01;161.65
2015-07-02;158.9
2015-07-03;157.65
2015-07-06;153.25
2015-07-07;147.95
2015-07-08;149.35
2015-07-09;153.4
2015-07-10;158.75
2015-07-13;162.0
2015-07-14;162.7
2015-07-15;161.5
2015-07-16;162.3
2015-07-17;166.95
2015-07-20;169.15
2015-07-21;168.35
2015-07-22;167.5
2015-07-23;167.2
2015-07-24;166.05
2015-07-27;160.95
2015-07-28;165.8
2015-07-29;169.0
2015-07-30;168.6
2015-07-31;170.7
2015-08-03;171.15
2015-08-04;171.1
2015-08-05;175.6
2015-08-06;175.35
2015-08-07;173.45
2015-08-10;174.3
2015-08-11;164.85
2015-08-12;155.85
2015-08-13;160.4
2015-08-14;159.6
2015-08-17;160.3
2015-08-18;158.9
2015-08-19;154.1
2015-08-20;148.05
2015-08-21;145.7
2015-08-24;139.3
2015-08-25;147.55
2015-08-26;145.85
2015-08-27;50.25
2015-08-28;150.95
2015-08-31;148.65
2015-09-01;144.2
2015-09-02;147.15
2015-09-03;150.15
2015-09-04;145.95
2015-09-07;146.6
2015-09-08;147.8
2015-09-09;149.75
2015-09-10;149.25
2015-09-11;148.15
2015-09-14;147.7
2015-09-15;149.9
2015-09-16;155.55
2015-09-17;155.6
2015-09-18;150.65
2015-09-21;152.15
2015-09-22;147.4
2015-09-23;147.6
2015-09-24;144.05
2015-09-25;151.15
2015-09-28;147.15
2015-09-29;145.55
2015-09-30;152.2
2015-10-01;149.75
2015-10-02;149.2
2015-10-05;156.55
2015-10-06;159.25
2015-10-07;161.0
2015-10-08;162.35
2015-10-09;165.75
2015-10-12;166.5
2015-10-13;161.25
2015-10-14;159.25
2015-10-15;160.4
2015-10-16;158.65
2015-10-19;158.9
2015-10-20;158.3
2015-10-21;158.05
2015-10-22;165.15
2015-10-23;170.65
2015-10-26;169.15
2015-10-27;168.5
2015-10-28;167.7
2015-10-29;169.05
2015-10-30;169.6
2015-11-02;167.9
2015-11-03;169.75
2015-11-04;172.75
2015-11-05;173.5
2015-11-06;168.75
2015-11-09;167.3
2015-11-10;168.4
2015-11-11;171.9
2015-11-12;166.95
2015-11-13;162.4
2015-11-16;160.15
2015-11-17;165.4
2015-11-18;163.6
2015-11-19;162.4
2015-11-20;162.25
2015-11-23;161.9
2015-11-24;154.95
2015-11-25;158.0
2015-11-26;159.1
2015-11-27;155.95
2015-11-30;158.75
2015-12-01;157.4
2015-12-02;158.45
2015-12-03;151.2
2015-12-04;152.25
2015-12-07;154.45
2015-12-08;150.5
2015-12-09;148.85
2015-12-10;148.0
2015-12-11;144.95
2015-12-14;142.2
2015-12-15;147.95
2015-12-16;148.65
2015-12-17;148.9
2015-12-18;145.0
2015-12-21;142.7
2015-12-22;143.8
2015-12-23;146.45
2015-12-24;146.05
2015-12-28;144.1
2015-12-29;147.75
2015-12-30;147.15
2015-12-31;144.9
2016-01-04;139.2
2016-01-05;139.45
2016-01-06;136.7
2016-01-07;136.6
2016-01-08;135.35
2016-01-11;135.2
2016-01-12;139.45
2016-01-13;137.75
2016-01-14;137.0
2016-01-15;137.4
2016-01-18;136.75
2016-01-19;140.0
2016-01-20;134.65
2016-01-21;139.2
2016-01-22;143.15
2016-01-25;143.9
2016-01-26;144.9
2016-01-27;146.1
2016-01-28;143.7
2016-01-29;148.2
2016-02-01;147.75
2016-02-02;145.2
2016-02-03;151.75
2016-02-04;152.8
2016-02-05;152.7
2016-02-08;151.7
2016-02-09;147.75
2016-02-10;148.2
2016-02-11;142.55
2016-02-12;146.0
2016-02-15;151.45
2016-02-16;149.35
2016-02-17;155.5
2016-02-18;153.6
2016-02-19;154.5
2016-02-22;155.65
2016-02-23;152.0
2016-02-24;148.5
2016-02-25;150.35
2016-02-26;153.2
2016-02-29;153.8
2016-03-01;154.7
2016-03-02;155.0
2016-03-03;153.7
2016-03-04;153.35
2016-03-07;154.65
2016-03-08;154.8
2016-03-09;155.55
2016-03-10;154.35
2016-03-11;157.45
2016-03-14;159.5
2016-03-15;155.85
2016-03-16;155.05
2016-03-17;151.65
2016-03-18;152.35
2016-03-21;150.55
2016-03-22;148.75
2016-03-23;150.15
2016-03-24;147.2
2016-03-29;150.8
2016-03-30;154.5
2016-03-31;150.5
2016-04-01;148.8
2016-04-04;149.2
2016-04-05;145.35
2016-04-06;146.1
2016-04-07;145.15
2016-04-08;145.65
2016-04-11;146.05
2016-04-12;148.3
2016-04-13;154.55
2016-04-14;153.5
2016-04-15;152.4
2016-04-18;152.25
2016-04-19;153.45
2016-04-20;154.5
2016-04-21;152.1
2016-04-22;149.75
2016-04-25;148.8
2016-04-26;147.55
2016-04-27;147.2
2016-04-28;149.4
2016-04-29;145.1
2016-05-02;147.25
2016-05-03;144.7
2016-05-04;143.65
2016-05-05;144.4
2016-05-06;143.7
2016-05-09;145.55
2016-05-10;148.85
2016-05-11;146.45
2016-05-12;144.75
2016-05-13;145.35
2016-05-16;145.05
2016-05-17;143.95
2016-05-18;144.8
2016-05-19;142.2
2016-05-20;144.2
2016-05-23;142.4
2016-05-24;144.7
2016-05-25;143.5
2016-05-26;143.8
2016-05-27;145.05
2016-05-30;145.4
2016-05-31;144.05
2016-06-01;144.4
2016-06-02;145.35
2016-06-03;145.25
2016-06-06;145.25
2016-06-07;149.4
2016-06-08;147.55
2016-06-09;145.75
2016-06-10;142.7
2016-06-13;140.5
2016-06-14;137.1
2016-06-15;139.2
2016-06-16;137.6
2016-06-17;137.5
2016-06-20;143.9
2016-06-21;143.2
2016-06-22;142.75
2016-06-23;144.6
2016-06-24;135.15
2016-06-27;131.4
2016-06-28;134.65
2016-06-29;135.75
2016-06-30;136.0
2016-07-01;136.15
2016-07-04;136.9
2016-07-05;134.55
2016-07-06;132.5
2016-07-07;133.3
2016-07-08;134.4
2016-07-11;137.5
2016-07-12;139.7
2016-07-13;139.25
2016-07-14;141.0
2016-07-15;140.0
2016-07-18;140.35
2016-07-19;139.35
2016-07-20;142.15
2016-07-21;142.5
2016-07-22;142.3
2016-07-25;144.45
2016-07-26;143.7
2016-07-27;154.45
2016-07-28;153.35
2016-07-29;153.4
2016-08-01;152.9
2016-08-02;149.5
2016-08-03;149.85
2016-08-04;149.85
2016-08-05;153.4
2016-08-08;152.0
2016-08-09;153.6
2016-08-10;153.05
2016-08-11;156.2
2016-08-12;158.6
2016-08-15;158.7
2016-08-16;157.15
2016-08-17;156.05
2016-08-18;157.4
2016-08-19;157.05
2016-08-22;156.15
2016-08-23;156.9
2016-08-24;157.3
2016-08-25;155.6
2016-08-26;155.9
2016-08-29;155.5
2016-08-30;154.75
2016-08-31;151.7
2016-09-01;152.6
2016-09-02;156.2
2016-09-05;155.45
2016-09-06;156.15
2016-09-07;156.45
2016-09-08;154.1
2016-09-09;152.2
2016-09-12;152.0
2016-09-13;150.8
2016-09-14;147.4
2016-09-15;147.65
2016-09-16;146.65
2016-09-19;149.05
2016-09-20;150.05
2016-09-21;150.2
2016-09-22;154.2
2016-09-23;153.75
2016-09-26;151.75
2016-09-27;151.85
2016-09-28;152.4
2016-09-29;150.7
2016-09-30;151.8
2016-10-03;152.0
2016-10-04;156.6
2016-10-05;156.25
2016-10-06;155.0
2016-10-07;155.4
2016-10-10;157.05
2016-10-11;164.1
2016-10-12;164.35
2016-10-13;163.0
2016-10-14;166.8
2016-10-17;165.4
2016-10-18;166.3
2016-10-19;167.35
2016-10-20;168.1
2016-10-21;167.15
2016-10-24;168.0
2016-10-25;166.9
2016-10-26;168.05
2016-10-27;168.0
2016-10-28;167.95
2016-10-31;165.55
2016-11-01;165.15
2016-11-02;162.75
2016-11-03;162.9
2016-11-04;161.7
2016-11-07;164.25
2016-11-08;166.15
2016-11-09;165.6
2016-11-10;162.55
2016-11-11;162.0
2016-11-14;162.7
2016-11-15;165.8
2016-11-16;162.5
2016-11-17;165.55
2016-11-18;165.25
2016-11-21;168.3
2016-11-22;168.1
2016-11-23;167.25
2016-11-24;168.25
2016-11-25;169.0
2016-11-28;167.5
2016-11-29;170.75
2016-11-30;171.7
2016-12-01;170.55
2016-12-02;169.15
2016-12-05;171.1
2016-12-06;173.1
2016-12-07;175.7
2016-12-08;176.55
2016-12-09;176.1
2016-12-12;176.15
2016-12-13;177.9
2016-12-14;176.5
2016-12-15;177.75
2016-12-16;179.2
2016-12-19;179.2
2016-12-20;179.0
2016-12-21;179.6
2016-12-22;179.75
2016-12-23;179.3
2016-12-27;179.95
2016-12-28;180.85
2016-12-29;179.4
2016-12-30;181.4
2017-01-02;181.8
2017-01-03;179.7
2017-01-04;178.1
2017-01-05;176.95
2017-01-06;179.25
2017-01-09;180.95
2017-01-10;181.1
2017-01-11;183.25
2017-01-12;186.55
2017-01-13;188.95
2017-01-16;187.55
2017-01-17;186.85
2017-01-18;188.1
2017-01-19;190.0
2017-01-20;190.95
2017-01-23;190.35
2017-01-24;189.05
2017-01-25;191.4
2017-01-26;190.45
2017-01-27;186.85
2017-01-30;184.35
2017-01-31;186.6
2017-02-01;188.0
2017-02-02;187.5
2017-02-03;188.95
2017-02-06;185.15
2017-02-07;184.45
2017-02-08;182.35
2017-02-09;185.5
2017-02-10;185.1
2017-02-13;189.8
2017-02-14;190.15
2017-02-15;188.7
2017-02-16;189.7
2017-02-17;186.85
2017-02-20;188.1
2017-02-21;190.0
2017-02-22;192.5
2017-02-23;192.2
2017-02-24;190.7
2017-02-27;189.85
2017-02-28;189.45
2017-03-01;195.3
2017-03-02;194.1
2017-03-03;194.35
2017-03-06;193.75
2017-03-07;193.75
2017-03-08;194.8
2017-03-09;195.65
2017-03-10;196.4
2017-03-13;198.25
2017-03-14;198.35
2017-03-15;197.8
2017-03-16;198.75
2017-03-17;201.5
2017-03-20;200.0
2017-03-21;198.7
2017-03-22;199.6
2017-03-23;201.95
2017-03-24;201.1
2017-03-27;201.55
2017-03-28;201.45
2017-03-29;202.6
2017-03-30;202.9
2017-03-31;205.85
2017-04-03;204.05
2017-04-04;206.2
2017-04-05;204.75
2017-04-06;207.25
2017-04-07;209.25
2017-04-10;207.45
2017-04-11;208.6
2017-04-12;208.85
2017-04-13;208.6
2017-04-18;206.6
2017-04-19;204.8
2017-04-20;207.4
2017-04-21;206.9
2017-04-24;214.7
2017-04-25;223.15
2017-04-26;224.85
2017-04-27;225.9
2017-04-28;226.5
2017-05-02;228.05
2017-05-03;230.85
2017-05-04;234.4
2017-05-05;238.1
2017-05-08;233.65
2017-05-09;233.65
2017-05-10;232.35
2017-05-11;233.3
2017-05-12;231.5
2017-05-15;231.2
2017-05-16;232.1
2017-05-17;228.0
2017-05-18;229.0
2017-05-19;229.1
2017-05-22;228.25
2017-05-23;227.3
2017-05-24;227.1
2017-05-25;229.2
2017-05-26;227.4
2017-05-29;227.0
2017-05-30;226.7
2017-05-31;227.15
2017-06-01;229.0
2017-06-02;231.45
2017-06-05;230.25
2017-06-06;226.25
2017-06-07;228.05
2017-06-08;227.0
2017-06-09;227.9
2017-06-12;224.1
2017-06-13;227.65
2017-06-14;227.9
2017-06-15;226.4
2017-06-16;230.7
2017-06-19;232.8
2017-06-20;232.4
2017-06-21;231.9
2017-06-22;231.85
2017-06-23;231.65
2017-06-26;230.85
2017-06-27;229.8
2017-06-28;226.65
2017-06-29;218.25
2017-06-30;218.3
2017-07-03;220.95
2017-07-04;220.05
2017-07-05;221.8
2017-07-06;219.2
2017-07-07;216.4
2017-07-10;216.8
2017-07-11;214.5
2017-07-12;216.35
2017-07-13;216.4
2017-07-14;219.75
2017-07-17;222.35
2017-07-18;219.0
2017-07-19;222.25
2017-07-20;222.3
2017-07-21;219.25
2017-07-24;219.15
2017-07-25;218.85
2017-07-26;218.0
2017-07-27;216.05
2017-07-28;213.15
2017-07-31;212.7
2017-08-01;215.9
2017-08-02;215.05
2017-08-03;219.0
2017-08-04;221.9
2017-08-07;222.5
2017-08-08;222.75
2017-08-09;217.15
2017-08-10;215.15
2017-08-11;214.45
2017-08-14;216.6
2017-08-15;217.05
2017-08-16;219.1
2017-08-17;219.6
2017-08-18;217.7
2017-08-21;217.0
2017-08-22;218.95
2017-08-23;216.95
2017-08-24;218.0
2017-08-25;217.0
2017-08-28;215.85
2017-08-29;216.2
2017-08-30;218.85
2017-08-31;220.25
2017-09-01;221.75
2017-09-04;220.95
2017-09-05;217.8
2017-09-06;217.9
2017-09-07;220.0
2017-09-08;219.95
2017-09-11;225.3
2017-09-12;228.15
2017-09-13;230.25
2017-09-14;229.55
2017-09-15;230.0
2017-09-18;229.25
2017-09-19;229.3
2017-09-20;230.0
2017-09-21;229.85
2017-09-22;230.4
2017-09-25;230.75
2017-09-26;231.35
2017-09-27;230.85
2017-09-28;230.8
2017-09-29;233.45
2017-10-02;233.25
2017-10-03;234.9
2017-10-04;234.85
2017-10-05;234.2
2017-10-06;230.4
2017-10-09;232.2
2017-10-10;237.4
2017-10-11;239.4
2017-10-12;241.0
2017-10-13;241.8
2017-10-16;240.45
2017-10-17;239.3
2017-10-18;240.9
2017-10-19;239.95
2017-10-20;237.65
2017-10-23;241.05
2017-10-24;240.8
2017-10-25;243.95
2017-10-26;248.95
2017-10-27;253.95
2017-10-30;254.95
2017-10-31;256.1
2017-11-01;255.25
2017-11-02;254.95
2017-11-03;258.15
2017-11-06;259.55
2017-11-07;256.6
2017-11-08;254.65
2017-11-09;249.9
2017-11-10;248.5
2017-11-13;245.95
2017-11-14;245.95
2017-11-15;244.8
2017-11-16;246.95
2017-11-17;246.6
2017-11-20;249.25
2017-11-21;251.7
2017-11-22;247.05
2017-11-23;248.8
2017-11-24;249.6
2017-11-27;247.5
2017-11-28;246.95
2017-11-29;245.1
2017-11-30;244.5
2017-12-01;243.3
2017-12-04;246.95
2017-12-05;245.9
2017-12-06;248.7
2017-12-07;246.9
2017-12-08;247.4
2017-12-11;246.2
2017-12-12;246.45
2017-12-13;247.0
2017-12-14;244.35
2017-12-15;245.15
2017-12-18;254.05
2017-12-19;252.6
2017-12-20;250.45
2017-12-21;252.45
2017-12-22;249.5
2017-12-27;251.35
2017-12-28;247.8
2017-12-29;245.4
2018-01-02;241.3
2018-01-03;242.75
2018-01-04;245.6
2018-01-05;249.5
2018-01-08;245.5
2018-01-09;246.1
2018-01-10;242.0
2018-01-11;239.0
2018-01-12;242.15
2018-01-15;242.75
2018-01-16;243.0
2018-01-17;242.35
2018-01-18;238.75
2018-01-19;240.95
2018-01-22;2.1
2018-01-23;244.6
2018-01-24;241.2
2018-01-25;240.15
2018-01-26;251.9
2018-01-29;252.6
2018-01-30;251.45
2018-01-31;252.6
2018-02-01;252.15
2018-02-02;247.9
2018-02-05;242.45
2018-02-06;236.15
2018-02-07;245.0
2018-02-08;237.45
2018-02-09;234.9
2018-02-12;241.85
2018-02-13;237.35
2018-02-14;240.9
2018-02-15;244.3
2018-02-16;248.5
2018-02-19;245.2
2018-02-20;245.1
2018-02-21;246.7
2018-02-22;245.05
2018-02-23;246.75
2018-02-26;249.3
2018-02-27;246.95
2018-02-28;246.5
2018-03-01;244.1
2018-03-02;238.75
2018-03-05;240.75
2018-03-06;241.35
2018-03-07;241.2
2018-03-08;245.6
2018-03-09;245.95
2018-03-12;246.8
2018-03-13;243.5
2018-03-14;242.9
2018-03-15;247.35
2018-03-16;247.5
2018-03-19;246.0
2018-03-20;251.55
2018-03-21;252.65
2018-03-22;249.3
2018-03-23;242.9
2018-03-26;243.8
2018-03-27;245.2
2018-03-28;243.9
2018-03-29;250.2
2018-04-03;256.0
2018-04-04;255.85
2018-04-05;264.5
2018-04-06;262.6
2018-04-09;262.25
2018-04-10;275.15
2018-04-11;278.25
2018-04-12;281.0
2018-04-13;281.85
2018-04-16;282.7
2018-04-17;279.25
2018-04-18;282.8
2018-04-19;277.2
2018-04-20;279.25
2018-04-23;281.05
2018-04-24;281.75
2018-04-25;280.65
2018-04-26;281.1
2018-04-27;284.4
2018-04-30;289.3
2018-05-02;292.75
2018-05-03;291.25
2018-05-04;291.8
2018-05-07;290.95
2018-05-08;291.65
2018-05-09;292.05
2018-05-10;292.35
2018-05-11;293.6
2018-05-14;294.75
2018-05-15;298.45
2018-05-16;307.0
2018-05-17;308.6
2018-05-18;309.0
2018-05-21;311.7
2018-05-22;309.0
2018-05-23;303.9
2018-05-24;305.05
2018-05-25;305.85
2018-05-28;303.5
2018-05-29;297.8
2018-05-30;299.55
2018-05-31;297.05
2018-06-01;301.9
2018-06-04;304.5
2018-06-05;309.6
2018-06-06;306.25
2018-06-07;296.15
2018-06-08;300.35
2018-06-11;301.15
2018-06-12;295.3
2018-06-13;295.5
2018-06-14;302.55
2018-06-15;301.45
2018-06-18;296.7
2018-06-19;289.55
2018-06-20;286.55
2018-06-21;285.2
2018-06-22;287.4
2018-06-25;278.9
2018-06-26;281.1
2018-06-27;283.45
2018-06-28;280.0
2018-06-29;285.2
2018-07-02;281.45
2018-07-03;285.3
2018-07-04;284.3
2018-07-05;283.25
2018-07-06;287.6
2018-07-09;290.2
2018-07-10;293.2
2018-07-11;286.0
2018-07-12;289.35
2018-07-13;295.95
2018-07-16;292.95
2018-07-17;295.85
2018-07-18;298.8
2018-07-19;295.45
2018-07-20;296.25
2018-07-23;293.05
2018-07-24;301.1
2018-07-25;306.55
2018-07-26;306.0
2018-07-27;301.15
2018-07-30;298.65
2018-07-31;298.85
2018-08-01;298.45
2018-08-02;294.2
2018-08-03;295.3
2018-08-06;298.15
2018-08-07;303.3
2018-08-08;299.4
2018-08-09;303.0
2018-08-10;295.55
2018-08-13;297.5
2018-08-14;300.05
2018-08-15;291.15
2018-08-16;297.8
2018-08-17;296.9
2018-08-20;299.25
2018-08-21;298.85
2018-08-22;300.25
2018-08-23;299.5
2018-08-24;299.35
2018-08-27;302.6
2018-08-28;308.25
2018-08-29;309.5
2018-08-30;310.1
2018-08-31;301.85
2018-09-03;302.3
2018-09-04;291.7
2018-09-05;281.25
2018-09-06;280.65
2018-09-07;284.15
2018-09-10;284.8
2018-09-11;283.95
2018-09-12;290.75
2018-09-13;290.2
2018-09-14;292.35
2018-09-17;288.15
2018-09-18;288.1
2018-09-19;290.25
2018-09-20;296.0
2018-09-21;305.85
2018-09-24;305.7
2018-09-25;303.9
2018-09-26;305.95
2018-09-27;307.65
2018-09-28;304.6
2018-10-01;306.9
2018-10-02;300.35
2018-10-03;302.75
2018-10-04;287.95
2018-10-05;286.2
2018-10-08;281.85
2018-10-09;285.7
2018-10-10;265.3
2018-10-11;261.95
2018-10-12;262.5
2018-10-15;260.45
2018-10-16;264.25
2018-10-17;264.15
2018-10-18;260.9
2018-10-19;263.25
2018-10-22;263.25
2018-10-23;258.05
2018-10-24;259.65
2018-10-25;265.45
2018-10-26;262.45
2018-10-29;261.95
2018-10-30;259.95
2018-10-31;268.8
2018-11-01;269.8
2018-11-02;279.05
2018-11-05;277.7
2018-11-06;273.0
2018-11-07;276.25
2018-11-08;271.0
2018-11-09;266.0
2018-11-12;263.45
2018-11-13;269.7
2018-11-14;268.1
2018-11-15;265.4
2018-11-16;264.25
2018-11-19;259.25
2018-11-20;253.85
2018-11-21;260.65
2018-11-22;258.5
2018-11-23;258.45
2018-11-26;256.6
2018-11-27;254.2
2018-11-28;256.55
2018-11-29;256.5
2018-11-30;252.55
2018-12-03;265.25
2018-12-04;261.85
2018-12-05;259.5
2018-12-06;247.9
2018-12-07;249.5
2018-12-10;243.25
2018-12-11;249.25
2018-12-12;254.35
2018-12-13;255.85
2018-12-14;251.95
2018-12-17;200.32
2018-12-18;252.0
2018-12-19;252.4
2018-12-20;250.1
2018-12-21;253.45
2018-12-24;245.15
2018-12-27;247.15
2018-12-28;252.75
2018-12-31;258.2
2019-01-02;253.3
2019-01-03;243.65
2019-01-04;251.15
2019-01-07;250.7
2019-01-08;258.55
2019-01-09;261.55
2019-01-10;259.15
2019-01-11;258.3
2019-01-14;251.7
2019-01-15;250.8
2019-01-16;248.95
2019-01-17;246.55
2019-01-18;253.4
2019-01-21;257.25
2019-01-22;257.1
2019-01-23;257.35
2019-01-24;257.85
2019-01-25;261.1
2019-01-28;258.65
2019-01-29;259.75
2019-01-30;277.6
2019-01-31;279.75
2019-02-01;284.65
2019-02-04;282.6
2019-02-05;291.15
2019-02-06;288.1
2019-02-07;283.4
2019-02-08;283.55
2019-02-11;288.3
2019-02-12;294.8
2019-02-13;294.65
2019-02-14;290.85
2019-02-15;294.2
2019-02-18;295.1
2019-02-19;297.25
2019-02-20;296.6
2019-02-21;296.95
2019-02-22;299.75
2019-02-25;302.9
2019-02-26;304.25
2019-02-27;302.4
2019-02-28;302.0
2019-03-01;306.6
2019-03-04;308.0
2019-03-05;309.0
2019-03-06;306.9
2019-03-07;306.05
2019-03-08;305.8
2019-03-11;306.4
2019-03-12;308.6
2019-03-13;310.5
2019-03-14;315.6
2019-03-15;318.6
2019-03-18;317.15
2019-03-19;320.3
2019-03-20;318.2
2019-03-21;317.8
2019-03-22;313.45
2019-03-25;317.7
2019-03-26;322.8
2019-03-27;322.9
2019-03-28;324.1
2019-03-29;327.9
2019-04-01;333.25
2019-04-02;334.5
2019-04-03;334.0
2019-04-04;333.55
2019-04-05;336.05
2019-04-08;332.0
2019-04-09;327.3
2019-04-10;329.75
2019-04-11;344.95
2019-04-12;342.9
2019-04-15;342.95
2019-04-16;346.3
2019-04-17;350.85
2019-04-18;352.3
2019-04-23;349.1
2019-04-24;350.95
2019-04-25;347.85
2019-04-26;346.45
2019-04-29;345.35
2019-04-30;349.05
2019-05-02;351.0
2019-05-03;355.05
2019-05-06;344.4
2019-05-07;335.05
2019-05-08;339.6
2019-05-09;331.85
2019-05-10;333.55
2019-05-13;323.75
2019-05-14;334.3
2019-05-15;337.15
2019-05-16;341.2
2019-05-17;340.85
2019-05-20;330.05
2019-05-21;335.15
2019-05-22;336.3
2019-05-23;334.0
2019-05-24;336.5
2019-05-27;338.65
2019-05-28;342.6
2019-05-29;338.2
2019-05-30;341.65
2019-05-31;338.6
2019-06-03;340.5
2019-06-04;342.1
2019-06-05;349.5
2019-06-06;350.35
2019-06-07;357.05
2019-06-10;358.2
2019-06-11;359.6
2019-06-12;356.8
2019-06-13;355.25
2019-06-14;354.0
2019-06-17;358.3
2019-06-18;368.8
2019-06-19;366.0
2019-06-20;370.0
2019-06-21;368.3
2019-06-24;371.25
2019-06-25;371.7
2019-06-26;367.6
2019-06-27;368.35
2019-06-28;374.3
2019-07-01;374.6
2019-07-02;377.5
2019-07-03;380.0
2019-07-04;381.35
2019-07-05;380.8
2019-07-08;383.0
2019-07-09;383.0
2019-07-10;381.0
2019-07-11;383.1
2019-07-12;384.0
2019-07-15;380.05
2019-07-16;385.3
2019-07-17;382.7
2019-07-18;382.85
2019-07-19;382.3
2019-07-22;384.8
2019-07-23;383.3
2019-07-24;380.3
2019-07-25;376.15
2019-07-26;385.6
2019-07-29;378.75
2019-07-30;374.5
2019-07-31;375.3
2019-08-01;379.1
2019-08-02;358.4
2019-08-05;343.25
2019-08-06;350.45
2019-08-07;357.65
2019-08-08;368.25
2019-08-09;364.35
2019-08-12;356.55
2019-08-13;359.55
2019-08-14;348.15
2019-08-15;345.7
2019-08-16;348.45
2019-08-19;356.85
2019-08-20;355.7
2019-08-21;369.1
2019-08-22;361.1
2019-08-23;355.5
2019-08-26;353.6
2019-08-27;359.85
2019-08-28;355.85
2019-08-29;361.35
2019-08-30;362.4
2019-09-02;362.9
2019-09-03;355.65
2019-09-04;368.5
2019-09-05;376.4
2019-09-06;379.9
2019-09-09;378.95
2019-09-10;373.15
2019-09-11;378.15
2019-09-12;379.7
2019-09-13;382.0
2019-09-16;367.1
2019-09-17;367.2
2019-09-18;364.7
2019-09-19;367.3
2019-09-20;370.05
2019-09-23;366.45
2019-09-24;370.05
2019-09-25;361.2
2019-09-26;360.9
2019-09-27;360.15
2019-09-30;364.65
2019-10-01;357.1
2019-10-02;344.0
2019-10-03;346.8
2019-10-04;349.6
2019-10-07;353.8
2019-10-08;351.05
2019-10-09;357.0
2019-10-10;376.85
2019-10-11;378.2
2019-10-14;379.25
2019-10-15;380.5
2019-10-16;378.1
2019-10-17;374.75
2019-10-18;375.05
2019-10-21;374.6
2019-10-22;376.65
2019-10-23;375.0
2019-10-24;377.05
2019-10-25;383.95
2019-10-28;382.1
2019-10-29;380.25
2019-10-30;384.45
2019-10-31;382.5
2019-11-01;389.25
2019-11-04;397.5
2019-11-05;400.25
2019-11-06;399.55
2019-11-07;404.0
2019-11-08;403.0
2019-11-11;403.25
2019-11-12;403.4
2019-11-13;401.85
2019-11-14;403.75
2019-11-15;405.5
2019-11-18;402.25
2019-11-19;398.2
2019-11-20;398.2
2019-11-21;394.5
2019-11-22;396.25
2019-11-25;404.25
2019-11-26;407.35
2019-11-27;408.65
2019-11-28;406.75
2019-11-29;407.3
2019-12-02;396.55
2019-12-03;390.7
2019-12-04;396.0
2019-12-05;396.2
2019-12-06;401.35
2019-12-09;399.25
2019-12-10;396.8
2019-12-11;399.6
2019-12-12;398.2
2019-12-13;403.8
2019-12-16;409.7
2019-12-17;402.65
2019-12-18;400.85
2019-12-19;402.25
2019-12-20;410.5
2019-12-23;413.8
2019-12-24;414.1
2019-12-27;417.6
2019-12-30;414.6
2019-12-31;414.2
2020-01-02;419.15
2020-01-03;419.1
2020-01-06;415.15
2020-01-07;416.0
2020-01-08;418.8
2020-01-09;424.5
2020-01-10;423.65
2020-01-13;426.75
2020-01-14;431.0
2020-01-15;431.45
2020-01-16;431.9
2020-01-17;439.05
2020-01-20;429.75
2020-01-21;424.95
2020-01-22;423.45
2020-01-23;411.95
2020-01-24;416.3
2020-01-27;401.0
2020-01-28;412.0
2020-01-29;407.6
2020-01-30;398.9
2020-01-31;395.3
2020-02-03;396.75
2020-02-04;410.6
2020-02-05;415.0
2020-02-06;418.05
2020-02-07;413.95
2020-02-10;413.55
2020-02-11;412.35
2020-02-12;424.7
2020-02-13;421.55
2020-02-14;414.95
2020-02-17;414.4
2020-02-18;408.85
2020-02-19;419.05
2020-02-20;409.8
2020-02-21;404.5
2020-02-24;385.65
2020-02-25;380.05
2020-02-26;385.25
2020-02-27;369.85
2020-02-28;370.85
2020-03-02;376.1
2020-03-03;377.35
2020-03-04;385.2
2020-03-05;374.55
2020-03-06;360.35
2020-03-09;338.0
2020-03-10;334.8
2020-03-11;330.15
2020-03-12;301.5
2020-03-13;314.9
2020-03-16;297.6
2020-03-17;311.25
2020-03-18;287.95
2020-03-19;294.95
2020-03-20;311.0
2020-03-23;311.4
2020-03-24;339.15
2020-03-25;363.5
2020-03-26;363.7
2020-03-27;341.65
2020-03-30;350.0
2020-03-31;338.45
2020-04-01;324.65
2020-04-02;325.35
2020-04-03;325.05
2020-04-06;339.75
2020-04-07;344.5
2020-04-08;343.2
2020-04-09;347.4
2020-04-14;352.0
2020-04-15;342.0
2020-04-16;342.8
2020-04-17;358.0
2020-04-20;360.45
2020-04-21;350.0
2020-04-22;353.45
2020-04-23;348.65
2020-04-24;340.85
2020-04-27;350.95
2020-04-28;357.0
2020-04-29;359.8
2020-04-30;352.45
2020-05-04;338.55
2020-05-05;342.5
2020-05-06;336.4
2020-05-07;345.55
2020-05-08;352.25
2020-05-11;348.9
2020-05-12;346.85
2020-05-13;335.05
2020-05-14;331.0
2020-05-15;330.25
2020-05-18;350.05
2020-05-19;357.5
2020-05-20;361.75
2020-05-21;359.85
2020-05-22;355.3
2020-05-25;361.95
2020-05-26;365.4
2020-05-27;373.85
2020-05-28;386.8
2020-05-29;375.0
2020-06-01;378.9
2020-06-02;384.95
2020-06-03;393.45
2020-06-04;390.05
2020-06-05;404.25
2020-06-08;396.1
2020-06-09;395.3
2020-06-10;398.4
2020-06-11;375.1
2020-06-12;379.15
2020-06-15;371.45
2020-06-16;376.8
2020-06-17;379.15
2020-06-18;377.3
2020-06-19;380.05
2020-06-22;379.0
2020-06-23;390.65
2020-06-24;381.35
2020-06-25;383.85
2020-06-26;387.7
2020-06-29;389.5
2020-06-30;390.5
2020-07-01;391.6
2020-07-02;401.85
2020-07-03;396.7
2020-07-06;404.0
2020-07-07;402.65
2020-07-08;399.8
2020-07-09;400.95
2020-07-10;400.7
2020-07-13;408.35
2020-07-14;404.65
2020-07-15;412.05
2020-07-16;408.15
2020-07-17;410.25
2020-07-20;412.8
2020-07-21;409.95
2020-07-22;404.0
2020-07-23;403.6
2020-07-24;399.1
2020-07-27;401.4
2020-07-28;385.05
2020-07-29;387.15
2020-07-30;373.85
2020-07-31;366.75
2020-08-03;372.3
2020-08-04;371.65
2020-08-05;376.1
2020-08-06;374.0
2020-08-07;374.0
2020-08-10;371.55
2020-08-11;382.7
2020-08-12;391.2
2020-08-13;391.2
2020-08-14;386.05
2020-08-17;387.75
2020-08-18;386.05
2020-08-19;387.2
2020-08-20;383.35
2020-08-21;385.45
2020-08-24;393.45
2020-08-25;397.05
2020-08-26;403.0
2020-08-27;401.0
2020-08-28;396.35
2020-08-31;392.8
2020-09-01;396.7
2020-09-02;407.25
2020-09-03;408.4
2020-09-04;402.85
2020-09-07;408.8
2020-09-08;404.4
2020-09-09;404.05
2020-09-10;404.35
2020-09-11;416.6
2020-09-14;420.25
2020-09-15;424.0
2020-09-16;426.15
2020-09-17;420.0
2020-09-18;413.85
2020-09-21;395.55
2020-09-22;391.05
2020-09-23;400.1
2020-09-24;401.8
2020-09-25;400.2
2020-09-28;405.9
2020-09-29;409.95
2020-09-30;399.4
2020-10-01;409.7
2020-10-02;407.65
2020-10-05;412.55
2020-10-06;411.2
2020-10-07;410.75
2020-10-08;407.2
2020-10-09;411.9
2020-10-12;418.25
2020-10-13;416.75
2020-10-14;412.2
2020-10-15;403.0
2020-10-16;432.6
2020-10-19;432.9
2020-10-20;430.2
2020-10-21;427.8
2020-10-22;427.2
2020-10-23;428.0
2020-10-26;421.75
2020-10-27;418.85
2020-10-28;402.15
2020-10-29;403.8
2020-10-30;402.3
2020-11-02;405.65
2020-11-03;408.95
2020-11-04;421.8
2020-11-05;436.75
2020-11-06;435.5
2020-11-09;468.85
2020-11-10;474.0
2020-11-11;487.4
2020-11-12;472.85
2020-11-13;469.75
2020-11-16;477.3
2020-11-17;475.0
2020-11-18;486.15
2020-11-19;488.65
2020-11-20;492.55
2020-11-23;492.5
2020-11-24;494.85
2020-11-25;494.2
2020-11-26;495.75
2020-11-27;496.0
2020-11-30;482.9
2020-12-01;496.75
2020-12-02;497.85
2020-12-03;498.0
2020-12-04;492.25
2020-12-07;493.7
2020-12-08;494.45
2020-12-09;498.0
2020-12-10;501.0
2020-12-11;500.4
2020-12-14;509.2
2020-12-15;507.2
2020-12-16;505.0
2020-12-17;502.9
2020-12-18;499.55
2020-12-21;490.2
2020-12-22;492.3
2020-12-23;496.1
2020-12-24;496.45
2020-12-28;504.0
2020-12-29;512.8
2020-12-30;513.1
2020-12-31;510.9
2021-01-04;512.1
2021-01-05;506.2
2021-01-06;502.3
2021-01-07;515.3
2021-01-08;525.3
2021-01-11;522.4
2021-01-12;515.8
2021-01-13;512.1
2021-01-14;508.0
2021-01-15;493.95
2021-01-18;499.65
2021-01-19;491.05
2021-01-20;507.7
2021-01-21;507.6
2021-01-22;511.5
2021-01-25;501.9
2021-01-26;508.0
2021-01-27;506.4
2021-01-28;517.0
2021-01-29;498.3
2021-02-01;507.7
2021-02-02;524.9
2021-02-03;524.5
2021-02-04;525.1
2021-02-05;528.7
2021-02-08;527.9
2021-02-09;537.0
2021-02-10;529.5
2021-02-11;531.5
2021-02-12;529.3
2021-02-15;535.9
2021-02-16;539.8
2021-02-17;535.0
2021-02-18;534.0
2021-02-19;541.8
2021-02-22;542.9
2021-02-23;539.4
2021-02-24;532.8
2021-02-25;531.0
2021-02-26;525.0
2021-03-01;537.1
2021-03-02;539.3
2021-03-03;543.8
2021-03-04;533.9
2021-03-05;523.2
2021-03-08;534.9
2021-03-09;540.7
2021-03-10;553.0
2021-03-11;564.5
2021-03-12;563.4
2021-03-15;558.2
2021-03-16;560.3
2021-03-17;568.2
2021-03-18;566.3
2021-03-19;557.4
2021-03-22;556.6
2021-03-23;554.2
2021-03-24;553.4
2021-03-25;555.6
2021-03-26;554.9
2021-03-29;554.9
2021-03-30;573.5
2021-03-31;568.1
2021-04-01;571.7
2021-04-06;576.8
2021-04-07;577.2
2021-04-08;586.1
2021-04-09;588.3
2021-04-12;589.7
2021-04-13;594.8
2021-04-14;611.8
2021-04-15;616.7
2021-04-16;630.0
2021-04-19;624.9
2021-04-20;605.3
2021-04-21;624.6
2021-04-22;632.0
2021-04-23;628.1
2021-04-26;625.8
2021-04-27;632.7
2021-04-28;633.2
2021-04-29;635.7
2021-04-30;626.2
2021-05-03;630.6
2021-05-04;618.9
2021-05-05;631.8
2021-05-06;625.3
2021-05-07;631.4
2021-05-10;625.0
2021-05-11;612.3
2021-05-12;610.2
2021-05-13;616.0
2021-05-14;628.1
2021-05-17;624.0
2021-05-18;623.0
2021-05-19;619.1
2021-05-20;628.9
2021-05-21;631.6
2021-05-24;637.5
2021-05-25;639.7
2021-05-26;640.6
2021-05-27;648.4
2021-05-28;655.8
2021-05-31;652.0
2021-06-01;657.1
2021-06-02;661.0
2021-06-03;654.3
2021-06-04;651.2
2021-06-07;657.3
2021-06-08;659.7
2021-06-09;662.5
2021-06-10;657.7
2021-06-11;668.1
2021-06-14;672.6
2021-06-15;677.8
2021-06-16;682.3
2021-06-17;687.3
2021-06-18;681.1
2021-06-21;680.1
2021-06-22;681.2
2021-06-23;669.1
2021-06-24;673.2
2021-06-25;673.6
2021-06-28;667.6
2021-06-29;674.0
2021-06-30;661.3
2021-07-01;663.9
2021-07-02;663.4
2021-07-05;660.7
2021-07-06;655.8
2021-07-07;660.4
2021-07-08;639.2
2021-07-09;662.4
2021-07-12;666.0
2021-07-13;670.7
2021-07-14;671.6
2021-07-15;663.2
2021-07-16;654.3
2021-07-19;639.9
2021-07-20;645.1
2021-07-21;659.2
2021-07-22;660.4
2021-07-23;674.0
2021-07-26;673.4
2021-07-27;669.6
2021-07-28;688.2
2021-07-29;684.0
2021-07-30;673.9
2021-08-02;687.0
2021-08-03;695.9
2021-08-04;694.7
2021-08-05;697.4
2021-08-06;697.4
2021-08-09;697.4
2021-08-10;701.6
2021-08-11;704.8
2021-08-12;712.0
2021-08-13;709.8
2021-08-16;694.9
2021-08-17;690.5
2021-08-18;654.9
2021-08-19;613.1
2021-08-20;620.0
2021-08-23;636.6
2021-08-24;624.3
2021-08-25;622.1
2021-08-26;621.6
2021-08-27;623.1
2021-08-30;625.0
2021-08-31;626.8
2021-09-01;646.8
2021-09-02;647.0
2021-09-03;634.9
2021-09-06;648.7
2021-09-07;653.0
2021-09-08;648.7
2021-09-09;658.4
2021-09-10;663.5
2021-09-13;657.0
2021-09-14;646.8
2021-09-15;621.2
2021-09-16;628.0
2021-09-17;631.0
2021-09-20;618.7
2021-09-21;636.0
2021-09-22;643.3
2021-09-23;654.1
2021-09-24;642.9
2021-09-27;637.5
2021-09-28;617.9
2021-09-29;625.5
2021-09-30;620.1
2021-10-01;630.0
2021-10-04;621.1
2021-10-05;632.5
2021-10-06;624.8
2021-10-07;637.9
2021-10-08;627.7
2021-10-11;631.7
2021-10-12;633.9
2021-10-13;653.9
2021-10-14;667.2
2021-10-15;664.8
2021-10-18;650.0
2021-10-19;646.0
2021-10-20;656.1
2021-10-21;659.7
2021-10-22;667.3
2021-10-25;659.8
2021-10-26;665.0
2021-10-27;664.3
2021-10-28;671.7
2021-10-29;677.2
2021-11-01;683.4
2021-11-02;684.8
2021-11-03;682.5
2021-11-04;692.5
2021-11-05;708.9
2021-11-08;707.4
2021-11-09;707.3
2021-11-10;698.6
2021-11-11;705.4
2021-11-12;722.9
2021-11-15;720.8
2021-11-16;729.7
2021-11-17;726.1
2021-11-18;728.5
2021-11-19;733.5
2021-11-22;728.3
2021-11-23;718.1
2021-11-24;726.1
2021-11-25;734.7
2021-11-26;692.0
2021-11-29;697.2
2021-11-30;686.6
2021-12-01;697.5
2021-12-02;686.6
2021-12-03;685.0
2021-12-06;690.1
2021-12-07;725.0
2021-12-08;714.7
2021-12-09;715.0
2021-12-10;710.0
2021-12-13;709.0
2021-12-14;701.6
2021-12-15;711.9
2021-12-16;713.3
2021-12-17;699.0
2021-12-20;697.8
2021-12-21;701.5
2021-12-22;715.4
2021-12-23;722.0
2021-12-24;717.4
2021-12-27;726.3
2021-12-28;730.8
2021-12-29;727.9
2021-12-30;730.0
2021-12-31;727.0
2022-01-03;731.0
2022-01-04;744.0
2022-01-05;758.0
2022-01-06;727.1
2022-01-07;715.8
2022-01-10;702.7
2022-01-11;710.0
2022-01-12;708.7
2022-01-13;690.0
2022-01-14;675.4
2022-01-17;686.4
2022-01-18;673.0
2022-01-19;697.7
2022-01-20;703.9
2022-01-21;697.2
2022-01-24;662.8
2022-01-25;667.0
2022-01-26;683.6
2022-01-27;694.0
2022-01-28;716.4
2022-01-31;722.6
2022-02-01;732.2
2022-02-02;729.3
2022-02-03;711.7
2022-02-04;706.1
2022-02-07;716.1
2022-02-08;706.1
2022-02-09;716.6
2022-02-10;706.2
2022-02-11;685.0
2022-02-14;670.0
2022-02-15;694.0
2022-02-16;687.6
2022-02-17;684.1
2022-02-18;686.3
2022-02-21;672.2
2022-02-22;669.2
2022-02-23;665.8
2022-02-24;635.9
2022-02-25;666.6
2022-02-28;659.9
2022-03-01;625.8
2022-03-02;638.0
2022-03-03;617.4
2022-03-04;577.8
2022-03-07;567.8
2022-03-08;550.1
2022-03-09;602.6
2022-03-10;587.9
2022-03-11;594.9
2022-03-14;598.7
2022-03-15;590.0
2022-03-16;628.9
2022-03-17;629.8
2022-03-18;639.4
2022-03-21;633.2
2022-03-22;643.9
2022-03-23;624.3
2022-03-24;624.7
2022-03-25;626.0
2022-03-28;635.7
2022-03-29;671.8
2022-03-30;660.5
2022-03-31;649.4
2022-04-01;649.6
2022-04-04;663.9
2022-04-05;660.9
2022-04-06;636.2
2022-04-07;624.0
2022-04-08;631.7
2022-04-11;619.9
2022-04-12;630.9
2022-04-13;634.1
2022-04-14;640.0
2022-04-19;634.1
2022-04-20;642.3
2022-04-21;653.4
2022-04-22;639.6
2022-04-25;615.6
2022-04-26;607.3
2022-04-27;616.6
2022-04-28;617.2
2022-04-29;619.5
2022-05-02;606.6
2022-05-03;600.5
2022-05-04;593.3
2022-05-05;574.0
2022-05-06;561.9
2022-05-09;542.6
2022-05-10;549.5
2022-05-11;573.0
2022-05-12;565.4
2022-05-13;581.3
2022-05-16;575.0
2022-05-17;590.1
2022-05-18;578.5
2022-05-19;568.5
2022-05-20;556.6
2022-05-23;560.9
2022-05-24;551.8
2022-05-25;551.0
2022-05-26;571.2
2022-05-27;593.4
2022-05-30;608.6
2022-05-31;597.2
2022-06-01;597.8
2022-06-02;608.1
2022-06-03;609.1
2022-06-06;613.8
2022-06-07;608.4
2022-06-08;601.7
2022-06-09;587.6
2022-06-10;572.9
2022-06-13;550.0
2022-06-14;544.0
2022-06-15;551.8
2022-06-16;539.4
2022-06-17;544.7
2022-06-20;542.5
2022-06-21;553.5
2022-06-22;551.7
2022-06-23;566.0
2022-06-24;587.4
2022-06-27;580.2
2022-06-28;589.1
2022-06-29;589.0
2022-06-30;581.7
2022-07-01;580.0
2022-07-04;585.3
2022-07-05;572.0
2022-07-06;597.6
2022-07-07;607.6
2022-07-08;606.9
2022-07-11;604.3
2022-07-12;610.7
2022-07-13;606.2
2022-07-14;606.4
2022-07-15;608.4
2022-07-18;614.3
2022-07-19;628.1
2022-07-20;625.7
2022-07-21;633.3
2022-07-22;634.7
2022-07-25;637.4
2022-07-26;625.2
2022-07-27;636.0
2022-07-28;662.9
2022-07-29;675.0
2022-08-01;688.3
2022-08-02;679.0
2022-08-03;685.6
2022-08-04;693.0
2022-08-05;682.2
2022-08-08;689.1
2022-08-09;679.5
2022-08-10;690.0
2022-08-11;693.6
2022-08-12;694.5
2022-08-15;699.5
2022-08-16;698.9
2022-08-17;700.4
2022-08-18;706.9
2022-08-19;698.3
2022-08-22;682.6
2022-08-23;679.8
2022-08-24;686.8
2022-08-25;687.7
2022-08-26;669.0
2022-08-29;662.9
2022-08-30;661.8
2022-08-31;647.5
2022-09-01;632.8
2022-09-02;644.6
2022-09-05;635.0
2022-09-06;638.1
2022-09-07;641.4
2022-09-08;643.5
2022-09-09;652.3
2022-09-12;658.9
2022-09-13;650.9
2022-09-14;654.2
2022-09-15;641.4
2022-09-16;639.5
2022-09-19;641.0
2022-09-20;634.0
2022-09-21;643.6
2022-09-22;624.9
2022-09-23;603.2
2022-09-26;606.8
2022-09-27;604.2
2022-09-28;613.2
2022-09-29;608.0
2022-09-30;610.4
2022-10-03;608.0
2022-10-04;646.8
2022-10-05;637.3
2022-10-06;635.1
2022-10-07;618.2
2022-10-10;610.5
2022-10-11;610.5
2022-10-12;621.9
2022-10-13;617.5
2022-10-14;625.2
2022-10-17;637.7
2022-10-18;636.1
2022-10-19;625.0
2022-10-20;634.0
2022-10-21;631.5
2022-10-24;635.9
2022-10-25;658.0
2022-10-26;663.0
2022-10-27;655.4
2022-10-28;649.3
2022-10-31;639.0
2022-11-01;650.8
2022-11-02;636.7
2022-11-03;630.0
2022-11-04;666.2
2022-11-07;656.0
2022-11-08;657.5
2022-11-09;658.0
2022-11-10;686.8
2022-11-11;706.2
2022-11-14;700.7
2022-11-15;704.2
2022-11-16;698.6
2022-11-17;696.8
2022-11-18;698.2
2022-11-21;699.3
2022-11-22;697.9
2022-11-23;701.9
2022-11-24;702.2
2022-11-25;700.2
2022-11-28;698.7
2022-11-29;702.0
2022-11-30;737.3
2022-12-01;721.0
2022-12-02;715.3
2022-12-05;714.5
2022-12-06;714.2
2022-12-07;712.8
2022-12-08;719.0
2022-12-09;720.3
2022-12-12;716.2
2022-12-13;726.7
2022-12-14;727.4
2022-12-15;701.6
2022-12-16;693.8
2022-12-19;687.3
2022-12-20;682.9
2022-12-21;691.5
2022-12-22;684.0
2022-12-23;673.8
2022-12-27;690.2
2022-12-28;686.6
2022-12-29;696.5
2022-12-30;679.9
2023-01-02;694.1
2023-01-03;702.8
2023-01-04;738.0
2023-01-05;728.4
2023-01-06;748.8
2023-01-09;759.6
2023-01-10;756.3
2023-01-11;772.3
2023-01-12;773.7
2023-01-13;785.3
2023-01-16;792.7
2023-01-17;797.4
2023-01-18;36.24
2023-01-19;776.6
2023-01-20;782.8
2023-01-23;788.1
2023-01-24;794.8
2023-01-25;792.3
2023-01-26;801.6
2023-01-27;801.0
2023-01-30;798.8
2023-01-31;800.0
2023-02-01;795.5
2023-02-02;809.1
2023-02-03;829.4
2023-02-06;814.2
2023-02-07;807.4
2023-02-08;800.1
2023-02-09;809.2
2023-02-10;797.6
2023-02-13;810.3
2023-02-14;810.5
2023-02-15;822.6
2023-02-16;823.3
2023-02-17;818.4
2023-02-20;813.6
2023-02-21;808.9
2023-02-22;809.5
2023-02-23;809.0
2023-02-24;777.3
2023-02-27;794.8
2023-02-28;789.0
2023-03-01;792.2
2023-03-02;804.3
2023-03-03;815.1
2023-03-06;825.0
2023-03-07;816.1
2023-03-08;810.4
2023-03-09;805.2
2023-03-10;802.6
2023-03-13;781.7
2023-03-14;800.5
2023-03-15;774.7
2023-03-16;801.7
2023-03-17;787.3
2023-03-20;804.5
2023-03-21;806.7
2023-03-22;814.9
2023-03-23;820.8
2023-03-24;813.4
2023-03-27;817.0
2023-03-28;814.2
2023-03-29;822.0
2023-03-30;827.0
2023-03-31;844.4
2023-04-03;844.1
2023-04-04;851.0
2023-04-05;844.6
2023-04-06;829.1
2023-04-11;840.7
2023-04-12;836.6
2023-04-13;883.9
2023-04-14;892.8
2023-04-17;873.6
2023-04-18;877.5
2023-04-19;885.0
2023-04-20;896.5
2023-04-21;901.1
2023-04-24;902.0
2023-04-25;889.4
2023-04-26;875.4
2023-04-27;877.1
2023-04-28;871.0
2023-05-02;868.7
2023-05-03;879.2
2023-05-04;873.7
2023-05-05;876.9
2023-05-08;884.5
2023-05-09;880.4
2023-05-10;872.3
2023-05-11;887.6
2023-05-12;885.4
2023-05-15;881.1
2023-05-16;876.0
2023-05-17;874.4
2023-05-18;872.5
2023-05-19;874.3
2023-05-22;878.2
2023-05-23;834.2
2023-05-24;817.1
2023-05-25;823.4
2023-05-26;843.5
2023-05-29;840.0
2023-05-30;836.0
2023-05-31;813.9
2023-06-01;805.8
2023-06-02;830.9
2023-06-05;814.0
2023-06-06;812.3
2023-06-07;812.7
2023-06-08;818.0
2023-06-09;820.0
2023-06-12;834.8
2023-06-13;841.9
2023-06-14;850.0
2023-06-15;843.7
2023-06-16;868.6
2023-06-19;853.4
2023-06-20;846.0
2023-06-21;838.3
2023-06-22;839.2
2023-06-23;830.1
2023-06-26;835.0
2023-06-27;839.6
2023-06-28;849.7
2023-06-29;855.0
2023-06-30;863.0
2023-07-03;854.9
2023-07-04;856.7
2023-07-05;847.5
2023-07-06;816.0
2023-07-07;825.4
2023-07-10;830.9
2023-07-11;849.3
2023-07-12;866.7
2023-07-13;877.3
2023-07-14;892.3
2023-07-17;859.0
2023-07-18;859.3
2023-07-19;850.4
2023-07-20;854.0
2023-07-21;867.9
2023-07-24;857.6
2023-07-25;854.0
2023-07-26;810.0
2023-07-27;840.3
2023-07-28;841.2
2023-07-31;848.1
2023-08-01;829.0
2023-08-02;813.5
2023-08-03;811.2
2023-08-04;816.0
2023-08-07;817.4
2023-08-08;807.2
2023-08-09;807.0
2023-08-10;834.7
2023-08-11;820.4
2023-08-14;816.2
2023-08-15;804.1
2023-08-16;802.9
2023-08-17;785.1
2023-08-18;776.9
2023-08-21;783.9
2023-08-22;790.2
2023-08-23;790.4
2023-08-24;783.7
2023-08-25;785.3
2023-08-28;798.5
2023-08-29;810.0
2023-08-30;804.0
2023-08-31;782.2
2023-09-01;775.8
2023-09-04;772.6
2023-09-05;759.1
2023-09-06;731.5
2023-09-07;724.1
2023-09-08;740.0
2023-09-11;742.2
2023-09-12;734.4
2023-09-13;729.6
2023-09-14;742.6
2023-09-15;761.2
2023-09-18;742.5
2023-09-19;736.8
2023-09-20;736.7
2023-09-21;729.3
2023-09-22;732.3
2023-09-25;713.3
2023-09-26;703.0
2023-09-27;698.7
2023-09-28;706.0
2023-09-29;716.4
2023-10-02;714.9
2023-10-03;705.3
2023-10-04;712.5
2023-10-05;720.6
2023-10-06;729.7
2023-10-09;710.7
2023-10-10;733.5
2023-10-11;686.1
2023-10-12;675.0
2023-10-13;660.6
2023-10-16;667.1
2023-10-17;668.4
2023-10-18;667.7
2023-10-19;670.6
2023-10-20;664.0
2023-10-23;669.4
2023-10-24;681.0
2023-10-25;679.1
2023-10-26;668.4
2023-10-27;661.4
2023-10-30;671.0
2023-10-31;674.5
2023-11-01;675.3
2023-11-02;701.1
2023-11-03;702.8
2023-11-06;697.2
2023-11-07;697.5
2023-11-08;703.5
2023-11-09;714.4
2023-11-10;687.1
2023-11-13;688.5
2023-11-14;706.9
2023-11-15;719.0
2023-11-16;706.1
2023-11-17;711.6
2023-11-20;717.7
2023-11-21;704.1
2023-11-22;712.3
2023-11-23;711.6
2023-11-24;706.9
2023-11-27;697.3
2023-11-28;684.5
2023-11-29;690.5
2023-11-30;702.7
2023-12-01;699.2
2023-12-04;698.7
2023-12-05;713.2
2023-12-06;718.6
2023-12-07;715.6
2023-12-08;739.1
2023-12-11;740.0
2023-12-12;733.6
2023-12-13;734.5
2023-12-14;746.8
2023-12-15;748.4
2023-12-18;741.8
2023-12-19;745.5
2023-12-20;746.9
2023-12-21;743.4
2023-12-22;737.7
2023-12-27;735.4
2023-12-28;731.0
2023-12-29;733.6
2024-01-02;723.0
2024-01-03;695.4
2024-01-04;697.8
2024-01-05;688.9
2024-01-08;691.3
2024-01-09;680.7
2024-01-10;683.0
2024-01-11;672.2
2024-01-12;669.9
2024-01-15;669.2
2024-01-16;666.3
2024-01-17;647.4
2024-01-18;663.4
2024-01-19;659.4
2024-01-22;662.9
2024-01-23;670.4
2024-01-24;683.4
2024-01-25;685.3
2024-01-26;773.1
2024-01-29;776.3
2024-01-30;782.0
2024-01-31;773.6
2024-02-01;770.6
2024-02-02;778.1
2024-02-05;780.7
2024-02-06;779.5
2024-02-07;784.1
2024-02-08;804.5
2024-02-09;807.5
2024-02-12;821.9
2024-02-13;800.8
2024-02-14;802.6
2024-02-15;815.6
2024-02-16;815.8
2024-02-19;821.9
2024-02-20;820.2
2024-02-21;821.6
2024-02-22;840.4
2024-02-23;850.1
2024-02-26;842.2
2024-02-27;850.4
2024-02-28;847.7
2024-02-29;842.8
2024-03-01;846.4
2024-03-04;839.8
2024-03-05;829.1
2024-03-06;832.6
2024-03-07;839.8
2024-03-08;844.9
2024-03-11;850.4
2024-03-12;859.0
2024-03-13;867.2
2024-03-14;872.8
2024-03-15;862.3
2024-03-18;858.1
2024-03-19;860.2
2024-03-20;846.2
2024-03-21;847.9
2024-03-22;828.6
2024-03-25;825.5
2024-03-26;821.8
2024-03-27;830.3
2024-03-28;833.7
2024-04-02;821.8
2024-04-03;816.0
2024-04-04;819.4
2024-04-05;799.8
2024-04-08;807.3
2024-04-09;795.2
2024-04-10;793.0
2024-04-11;790.5
2024-04-12;781.2
2024-04-15;794.8
2024-04-16;781.8
2024-04-17;804.0
2024-04-18;796.8
2024-04-19;796.6
2024-04-22;796.8
2024-04-23;799.6
2024-04-24;800.2
2024-04-25;778.0
2024-04-26;792.2
2024-04-29;779.2
2024-04-30;774.4
2024-05-02;767.0
2024-05-03;782.0
2024-05-06;781.7
2024-05-07;789.4
2024-05-08;787.9
2024-05-09;789.0
2024-05-10;788.4
2024-05-13;782.6
2024-05-14;791.9
2024-05-15;789.0
2024-05-16;786.0
2024-05-17;783.2
2024-05-20;779.1
2024-05-21;768.1
2024-05-22;751.9
2024-05-23;752.8
2024-05-24;750.0
2024-05-27;756.2
2024-05-28;745.4
2024-05-29;724.2
2024-05-30;734.4
2024-05-31;734.9
2024-06-03;738.0
2024-06-04;735.0
2024-06-05;752.6
2024-06-06;762.7
2024-06-07;762.5
2024-06-10;746.3
2024-06-11;736.6
2024-06-12;735.4
2024-06-13;731.5
2024-06-14;711.4
2024-06-17;717.4
2024-06-18;710.1
2024-06-19;707.0
2024-06-20;713.6
2024-06-21;717.3
2024-06-24;726.5
2024-06-25;736.8
2024-06-26;727.0
2024-06-27;715.5
2024-06-28;713.6
2024-07-01;712.0
2024-07-02;709.6
2024-07-03;714.8
2024-07-04;719.8
2024-07-05;716.4
2024-07-08;695.7
2024-07-09;686.9
2024-07-10;697.6
2024-07-11;710.0
2024-07-12;724.8
2024-07-15;705.6
2024-07-16;692.1
2024-07-17;690.2
2024-07-18;690.3
2024-07-19;679.8
2024-07-22;692.1
2024-07-23;691.6
2024-07-24;659.4
2024-07-25;652.6
2024-07-26;663.1
2024-07-29;654.7
2024-07-30;652.4
2024-07-31;653.0
2024-08-01;642.0
2024-08-02;630.5
2024-08-05;624.3
2024-08-06;621.9
2024-08-07;631.4
2024-08-08;633.3
2024-08-09;636.0
2024-08-12;635.1
2024-08-13;634.2
2024-08-14;644.2
2024-08-15;656.0
2024-08-16;658.1
2024-08-19;674.5
2024-08-20;677.8
2024-08-21;678.8
2024-08-22;678.0
2024-08-23;681.1
2024-08-26;682.0
2024-08-27;669.8
2024-08-28;666.2
2024-08-29;677.4
2024-08-30;674.3
2024-09-02;673.2
2024-09-03;670.9
2024-09-04;642.6
2024-09-05;619.2
2024-09-06;612.0
2024-09-09;616.2
2024-09-10;612.4
2024-09-11;607.0
2024-09-12;606.8
2024-09-13;608.1
2024-09-16;603.6
2024-09-17;607.7
2024-09-18;595.9
2024-09-19;614.0
2024-09-20;591.9
2024-09-23;595.1
2024-09-24;614.1
2024-09-25;617.5
2024-09-26;678.5
2024-09-27;703.4
2024-09-30;688.5
2024-10-01;664.0
2024-10-02;668.4
2024-10-03;661.0
2024-10-04;661.9
2024-10-07;685.5
2024-10-08;655.5
2024-10-09;656.4
2024-10-10;655.0
2024-10-11;653.1
2024-10-14;637.8
2024-10-15;625.4
2024-10-16;602.4
2024-10-17;609.4
2024-10-18;623.2
2024-10-21;611.0
2024-10-22;616.0
2024-10-23;613.6
2024-10-24;628.7
2024-10-25;627.0
2024-10-28;632.1
2024-10-29;630.9
2024-10-30;618.1
2024-10-31;609.8
2024-11-01;611.0
2024-11-04;606.7
2024-11-05;602.6
2024-11-06;603.1
2024-11-07;619.0
2024-11-08;598.4
2024-11-11;599.5
2024-11-12;572.4
2024-11-13;574.0
2024-11-14;584.4
2024-11-15;586.3
2024-11-18;588.6
2024-11-19;577.3
2024-11-20;575.4
2024-11-21;574.9
2024-11-22;583.0
2024-11-25;592.5
2024-11-26;596.0
2024-11-27;590.1
2024-11-28;586.5
2024-11-29;592.5
2024-12-02;606.1
2024-12-03;609.2
2024-12-04;610.2
2024-12-05;609.2
2024-12-06;630.4
2024-12-09;652.6
2024-12-10;636.0
2024-12-11;643.8
2024-12-12;646.0
2024-12-13;639.0
2024-12-16;631.2
2024-12-17;635.6
2024-12-18;636.5
2024-12-19;627.5
2024-12-20;628.1
2024-12-23;629.2
2024-12-24;630.8
2024-12-27;635.6
2024-12-30;629.3
2024-12-31;635.5
2025-01-02;635.4
2025-01-03;611.3
2025-01-06;634.6
2025-01-07;644.5
2025-01-08;635.7
2025-01-09;648.0
2025-01-10;645.0
2025-01-13;646.4
2025-01-14;651.0
2025-01-15;637.2
2025-01-16;695.5
2025-01-17;690.1
2025-01-20;683.1
2025-01-21;701.3
2025-01-22;713.8
2025-01-23;720.6
2025-01-24;734.1
2025-01-27;754.8
2025-01-28;750.6
2025-01-29;713.2
2025-01-30;715.8
2025-01-31;703.5
2025-02-03;690.1
2025-02-04;692.7
2025-02-05;686.0
2025-02-06;696.9
2025-02-07;684.2
2025-02-10;685.3
2025-02-11;685.2
2025-02-12;687.8
2025-02-13;707.2
2025-02-14;713.0
2025-02-17;701.5
2025-02-18;705.1
2025-02-19;690.9
2025-02-20;695.5
2025-02-21;702.4
2025-02-24;692.1
2025-02-25;684.2
2025-02-26;700.3
2025-02-27;693.1
2025-02-28;694.9
2025-03-03;690.8
2025-03-04;667.4
2025-03-05;664.3
2025-03-06;653.0
2025-03-07;634.7
2025-03-10;630.3
2025-03-11;620.8
2025-03-12;611.8
2025-03-13;605.0
2025-03-14;605.1
2025-03-17;609.7
2025-03-18;610.0
2025-03-19;610.6
2025-03-20;604.5
2025-03-21;602.5
2025-03-24;596.3
2025-03-25;598.3
2025-03-26;594.5
2025-03-27;589.1
2025-03-28;587.1
2025-03-31;571.7
2025-04-01;575.1
2025-04-02;575.2
2025-04-03;542.9
2025-04-04;530.0
2025-04-07;507.6
2025-04-08;519.8
2025-04-09;498.4
2025-04-10;524.2
2025-04-11;524.4
2025-04-14;530.1
2025-04-15;488.65
2025-04-16;485.2
2025-04-17;485.6
2025-04-22;487.3
2025-04-23;500.3
2025-04-24;499.7
2025-04-25;498.8
2025-04-28;502.0
2025-04-29;489.3
2025-04-30;487.9
2025-05-02;495.85
2025-05-05;492.25
2025-05-06;489.1
2025-05-07;483.5
2025-05-08;487.3
2025-05-09;495.75
2025-05-12;530.5
2025-05-13;536.9
2025-05-14;525.2
2025-05-15;507.3
2025-05-16;503.9
2025-05-19;498.6
2025-05-20;504.9
2025-05-21;493.65
2025-05-22;485.1
2025-05-23;479.0
2025-05-26;483.45
2025-05-27;481.9
2025-05-28;483.65
2025-05-29;481.25
2025-05-30;478.25
2025-06-02;477.2
2025-06-03;473.6
2025-06-04;476.65
2025-06-05;470.1
2025-06-06;471.25
2025-06-09;471.55
2025-06-10;474.85
2025-06-11;470.6
2025-06-12;468.85
2025-06-13;461.4
2025-06-16;467.35
2025-06-17;460.7
2025-06-18;464.05
2025-06-19;452.55
2025-06-20;449.95
2025-06-23;449.8
2025-06-24;453.55
2025-06-25;444.8
2025-06-26;437.55
2025-06-27;449.3
2025-06-30;444.6
2025-07-01;469.05
2025-07-02;488.5
2025-07-03;485.9
2025-07-04;477.35
2025-07-07;475.35
2025-07-08;482.65
2025-07-09;487.85
2025-07-10;505.0
2025-07-11;487.7
2025-07-14;479.55
2025-07-15;477.35
2025-07-16;475.6
2025-07-17;5.25
2025-07-18;472.75
2025-07-21;468.8
2025-07-22;465.55
2025-07-23;479.95
2025-07-24;470.25
2025-07-25;488.7
2025-07-28;489.2
2025-07-29;474.8
2025-07-30;480.75
2025-07-31;472.35
2025-08-01;461.65
2025-08-04;462.3
2025-08-05;456.5
2025-08-06;457.7
2025-08-07;461.1
2025-08-08;461.35
2025-08-11;458.0
2025-08-12;457.15
2025-08-13;469.6
2025-08-14;472.9
2025-08-15;476.1
2025-08-18;475.85
2025-08-19;489.9
2025-08-20;493.55
2025-08-21;485.0
2025-08-22;495.1
2025-08-25;488.05
2025-08-26;486.25
2025-08-27;502.0
2025-08-28;513.1
2025-08-29;504.1
2025-09-01;503.7
2025-09-02;513.0
2025-09-03;520.8
2025-09-04;499.1
2025-09-05;496.25
2025-09-08;496.15
2025-09-09;492.0
2025-09-10;489.75
2025-09-11;487.35
2025-09-12;490.65
2025-09-15;504.2
2025-09-16;507.7
2025-09-17;511.3
2025-09-18;517.6
2025-09-19;510.6
2025-09-22;507.0
2025-09-23;523.2
2025-09-24;509.1
2025-09-25;506.8
2025-09-26;515.7
2025-09-29;523.1
2025-09-30;520.5
2025-10-01;524.0
2025-10-02;542.9
2025-10-03;553.1
2025-10-06;540.4
2025-10-07;560.0
2025-10-08;575.5
2025-10-09;559.2
2025-10-10;546.0
2025-10-13;540.4
2025-10-14;532.8
2025-10-15;597.9
2025-10-16;602.2
2025-10-17;605.7
2025-10-20;612.1
2025-10-21;616.922
2025-10-22;623.2
2025-10-23;620.8
2025-10-24;612.5
2025-10-27;599.4
2025-10-28;614.6
2025-10-29;618.8
2025-10-30;610.1
2025-10-31;612.1
2025-11-03;616.8
2025-11-04;611.2
2025-11-05;612.8
2025-11-06;600.0
2025-11-07;603.2
2025-11-10;617.9
2025-11-11;632.9
2025-11-12;647.2
2025-11-13;636.8
2025-11-14;637.0
2025-11-17;624.0
2025-11-18;611.3
2025-11-19;609.6
2025-11-20;619.6
2025-11-21;623.0
2025-11-24;621.7
2025-11-25;619.3
2025-11-26;625.4
2025-11-27;627.4
2025-11-28;635.5
2025-12-01;642.7
2025-12-02;636.2
2025-12-03;630.3
2025-12-04;633.1
2025-12-05;628.1
2025-12-08;625.2
2025-12-09;616.3
2025-12-10;618.8
2025-12-11;625.2
2025-12-12;624.5
2025-12-15;626.1
2025-12-16;636.5
2025-12-17;631.7
2025-12-18;637.4
2025-12-19;631.7
2025-12-22;627.7
2025-12-23;627.3
2025-12-24;632.1
2025-12-29;633.2
2025-12-30;639.3
2025-12-31;645.0
2026-01-02;641.8
2026-01-05;642.8
2026-01-06;644.4
2026-01-07;629.3
2026-01-08;634.5
2026-01-09;652.1
2026-01-12;648.3
2026-01-13;646.6
2026-01-14;637.9
2026-01-15;625.7
2026-01-16;609.2
2026-01-19;582.8
2026-01-20;570.0
2026-01-21;585.2
2026-01-22;596.5
